Number of Clusters,Silhouette Score,DBCV Score,Combined Score,Number of Mispredicted Inputs,Number of Noisy Inputs,test_set,selection_metric,budget,model,threshold,Config
14,0.2459242194890976,0.1172879798457382,0.1816060996674179,50,4,udacity,dr,50,dave2v1,0.0,
17,0.4357008635997772,0.30251904759073656,0.3691099555952569,100,6,udacity,dr,100,dave2v1,0.0,
25,0.4445458948612213,0.29108021397774714,0.3678130544194842,150,12,udacity,dr,150,dave2v1,0.0,
16,0.500298023223877,0.321414042987783,0.41085603310582997,200,2,udacity,dr,200,dave2v1,0.0,
14,0.2907975912094116,0.1949721577830266,0.2428848744962191,50,7,udacity,ces,50,dave2v1,0.0,
25,0.3135504424571991,0.23175528274262922,0.27265286259991417,100,10,udacity,ces,100,dave2v1,0.0,
34,0.36213260889053345,0.222388009186261,0.2922603090383972,150,15,udacity,ces,150,dave2v1,0.0,
31,0.370015025138855,0.2276071165521179,0.2988110708454864,200,8,udacity,ces,200,dave2v1,0.0,
13,0.22149644792079926,0.12066085683723643,0.17107865237901784,50,6,udacity,est,50,dave2v1,0.0,
27,0.3403283655643463,0.21607893223187646,0.2782036488981114,100,11,udacity,est,100,dave2v1,0.0,
27,0.34273529052734375,0.2354368455623666,0.28908606804485515,150,4,udacity,est,150,dave2v1,0.0,
43,0.37515583634376526,0.2994051776572961,0.3372805070005307,200,26,udacity,est,200,dave2v1,0.0,
12,0.2036943882703781,0.141592154349099,0.17264327130973856,50,10,udacity,rnd,50,dave2v1,0.0,
16,0.26671236753463745,0.20178144293908798,0.2342469052368627,100,7,udacity,rnd,100,dave2v1,0.0,
20,0.13876022398471832,0.16884982243809663,0.1538050232114075,150,5,udacity,rnd,150,dave2v1,0.0,
32,0.4422588646411896,0.30530240785877,0.3737806362499798,200,13,udacity,rnd,200,dave2v1,0.0,
13,0.3767252266407013,0.29528259973814974,0.3360039131894255,50,8,udacity,ent,50,dave2v1,0.0,
24,0.37166693806648254,0.26594894283159687,0.3188079404490397,100,15,udacity,ent,100,dave2v1,0.0,
22,0.5552994608879089,0.437000743947744,0.4961501024178265,150,6,udacity,ent,150,dave2v1,0.0,
29,0.5312263369560242,0.49154942347570724,0.5113878802158657,200,6,udacity,ent,200,dave2v1,0.0,
9,0.31924885511398315,,,50,1,udacity,gini,50,dave2v1,0.0,
16,0.389499306678772,0.2587940746540279,0.3241466906663999,100,4,udacity,gini,100,dave2v1,0.0,
24,0.4655252695083618,0.3106203565531379,0.38807281303074986,150,7,udacity,gini,150,dave2v1,0.0,
28,0.3287113606929779,0.23570427617819592,0.2822078184355869,200,7,udacity,gini,200,dave2v1,0.0,
11,0.227443128824234,0.2596841495403866,0.2435636391823103,50,5,udacity,gd,50,dave2v1,0.0,
25,0.3539450168609619,0.23967237064105584,0.2968086937510089,100,7,udacity,gd,100,dave2v1,0.0,
32,0.3641967475414276,0.2871420312362357,0.32566938938883166,150,10,udacity,gd,150,dave2v1,0.0,
27,0.35898280143737793,0.27989958566704864,0.3194411935522133,200,10,udacity,gd,200,dave2v1,0.0,
12,0.2940930426120758,0.22029090353139025,0.257191973071733,50,11,udacity,kmnc,50,dave2v1,0.0,
16,0.4698328375816345,0.29384711751664455,0.38183997754913956,100,6,udacity,kmnc,100,dave2v1,0.0,
25,0.4855467677116394,0.37172241737947015,0.4286345925455548,150,12,udacity,kmnc,150,dave2v1,0.0,
34,0.5016264915466309,0.41522663594049947,0.45842656374356516,200,13,udacity,kmnc,200,dave2v1,0.0,
12,0.3173557221889496,0.26606659134200966,0.29171115676547965,50,6,udacity,nac,50,dave2v1,0.0,
19,0.32603394985198975,0.3335603731598242,0.329797161505907,100,14,udacity,nac,100,dave2v1,0.0,
29,0.39768660068511963,0.3440813660937598,0.37088398338943973,150,15,udacity,nac,150,dave2v1,0.0,
25,0.5618804097175598,0.42849949512208085,0.49518995241982033,200,11,udacity,nac,200,dave2v1,0.0,
15,0.2005150467157364,0.40047648493248694,0.30049576582411164,50,9,udacity,lsa,50,dave2v1,0.0,
21,0.3261755704879761,0.19426615956129595,0.26022086502463604,100,9,udacity,lsa,100,dave2v1,0.0,
25,0.3556016683578491,0.2523746243946259,0.3039881463762375,150,17,udacity,lsa,150,dave2v1,0.0,
32,0.45501986145973206,0.23526512765854896,0.3451424945591405,200,2,udacity,lsa,200,dave2v1,0.0,
10,0.24768711626529694,0.17195297405552357,0.20982004516041025,50,3,udacity,std,50,dave2v1,0.0,
21,0.3158031404018402,0.21959219201524194,0.2676976662085411,100,13,udacity,std,100,dave2v1,0.0,
31,0.33960074186325073,0.2403674606245049,0.2899841012438778,150,15,udacity,std,150,dave2v1,0.0,
30,0.3341068923473358,0.2662603490848012,0.3001836207160685,200,5,udacity,std,200,dave2v1,0.0,
14,0.291285902261734,0.20817922090306362,0.24973256158239882,50,9,udacity,pace,50,dave2v1,0.0,
19,0.2041347622871399,0.1447338516286215,0.1744343069578807,100,6,udacity,pace,100,dave2v1,0.0,
31,0.32164984941482544,0.20924097054959215,0.2654454099822088,150,16,udacity,pace,150,dave2v1,0.0,
41,0.3819252848625183,0.288514267026953,0.3352197759447356,200,19,udacity,pace,200,dave2v1,0.0,
6,0.3557772934436798,0.23570851689041147,0.29574290516704566,36,2,udacity,dr,50,dave2v1,0.044,
11,0.3224848806858063,0.12805610276784446,0.22527049172682537,76,7,udacity,dr,100,dave2v1,0.044,
23,0.29146942496299744,0.21293164063085673,0.2522005327969271,109,19,udacity,dr,150,dave2v1,0.044,
16,0.4112837016582489,0.248164469473699,0.32972408556597393,148,4,udacity,dr,200,dave2v1,0.044,
13,0.29710957407951355,0.1357236668329453,0.21641662045622942,44,3,udacity,ces,50,dave2v1,0.044,
19,0.37409090995788574,0.16593496776426578,0.27001293886107575,89,4,udacity,ces,100,dave2v1,0.044,
16,0.2507411539554596,0.19462690290387435,0.22268402842966697,133,6,udacity,ces,150,dave2v1,0.044,
25,0.3017856180667877,0.2251736102987685,0.2634796141827781,171,10,udacity,ces,200,dave2v1,0.044,
13,0.21463602781295776,0.14256061058131755,0.17859831919713764,41,9,udacity,est,50,dave2v1,0.044,
19,0.3404318392276764,0.21224980973581897,0.2763408244817477,87,8,udacity,est,100,dave2v1,0.044,
31,0.4212179481983185,0.31708873852883934,0.3691533433635789,128,6,udacity,est,150,dave2v1,0.044,
40,0.4248476028442383,0.3113425114813482,0.3680950571627932,166,14,udacity,est,200,dave2v1,0.044,
10,0.22553879022598267,0.13801537812277012,0.18177708417437638,36,2,udacity,rnd,50,dave2v1,0.044,
13,0.2782841622829437,0.18994764771982525,0.2341159050013845,74,5,udacity,rnd,100,dave2v1,0.044,
22,0.2706342339515686,0.13441476862122909,0.20252450128639884,116,4,udacity,rnd,150,dave2v1,0.044,
31,0.4088975787162781,0.2755301449272297,0.3422138618217539,164,15,udacity,rnd,200,dave2v1,0.044,
11,0.07276338338851929,0.0010603654342960615,0.036911874411407676,44,19,udacity,ent,50,dave2v1,0.044,
18,0.4572294056415558,0.30500121166064587,0.3811153086511008,91,3,udacity,ent,100,dave2v1,0.044,
22,0.5796433091163635,0.5022822956006069,0.5409628023584852,139,6,udacity,ent,150,dave2v1,0.044,
39,0.4916151165962219,0.42178387737298184,0.4566994969846019,186,16,udacity,ent,200,dave2v1,0.044,
6,0.33977678418159485,0.2220843703423446,0.28093057726196974,19,2,udacity,gini,50,dave2v1,0.044,
11,0.296620637178421,0.2033372059814923,0.24997892157995666,41,7,udacity,gini,100,dave2v1,0.044,
18,0.42573365569114685,0.21917574769336576,0.3224547016922563,75,5,udacity,gini,150,dave2v1,0.044,
16,0.5471943020820618,0.39535032586540053,0.47127231397373115,113,0,udacity,gini,200,dave2v1,0.044,
9,0.18079747259616852,0.06388142722951017,0.12233944991283935,42,9,udacity,gd,50,dave2v1,0.044,
19,0.27645057439804077,0.15815510296779117,0.21730283868291597,85,10,udacity,gd,100,dave2v1,0.044,
12,-0.03991301730275154,0.1053556901290884,0.03272133641316843,125,3,udacity,gd,150,dave2v1,0.044,
23,0.3135319948196411,0.2331738865877392,0.27335294070369015,157,7,udacity,gd,200,dave2v1,0.044,
11,0.4162265360355377,0.22528330288114648,0.3207549194583421,48,2,udacity,kmnc,50,dave2v1,0.044,
19,0.44146960973739624,0.3562031612821954,0.39883638550979583,94,5,udacity,kmnc,100,dave2v1,0.044,
15,0.391912043094635,0.24742753380721647,0.31966978845092575,139,0,udacity,kmnc,150,dave2v1,0.044,
23,0.5473799109458923,0.4330277856832347,0.49020384831456354,182,2,udacity,kmnc,200,dave2v1,0.044,
9,0.3862820565700531,,,44,1,udacity,nac,50,dave2v1,0.044,
15,0.4986564517021179,0.3229489319489152,0.41080269182551654,88,2,udacity,nac,100,dave2v1,0.044,
23,0.5256832838058472,0.3600866669222977,0.44288497536407245,133,5,udacity,nac,150,dave2v1,0.044,
30,0.4828746020793915,0.4406573621556739,0.4617659821175327,179,15,udacity,nac,200,dave2v1,0.044,
10,0.32271724939346313,,,43,1,udacity,lsa,50,dave2v1,0.044,
12,0.4682036340236664,0.27064274031358265,0.36942318716862454,87,3,udacity,lsa,100,dave2v1,0.044,
18,0.5128640532493591,0.46033186699085094,0.48659796012010503,136,5,udacity,lsa,150,dave2v1,0.044,
19,0.47842898964881897,0.4486993499506744,0.4635641697997467,183,5,udacity,lsa,200,dave2v1,0.044,
11,0.26628121733665466,0.25109067049884776,0.25868594391775124,37,3,udacity,std,50,dave2v1,0.044,
16,0.32863104343414307,0.279102667495486,0.3038668554648145,83,6,udacity,std,100,dave2v1,0.044,
22,0.3572489619255066,0.3036809299566101,0.33046494594105835,115,7,udacity,std,150,dave2v1,0.044,
34,0.33949014544487,0.23831732562622482,0.2889037355355474,155,14,udacity,std,200,dave2v1,0.044,
10,0.20920658111572266,0.09344767381851585,0.15132712746711924,35,10,udacity,pace,50,dave2v1,0.044,
21,0.3537959158420563,0.2507531223661646,0.3022745191041104,80,3,udacity,pace,100,dave2v1,0.044,
31,0.28821030259132385,0.20275511306888663,0.24548270783010523,119,14,udacity,pace,150,dave2v1,0.044,
28,0.3571277856826782,0.23787563853358729,0.29750171210813275,157,14,udacity,pace,200,dave2v1,0.044,
6,0.31538939476013184,0.2125080078183514,0.26394870128924164,25,2,udacity,dr,50,dave2v1,0.087,
8,0.3565090596675873,0.14508115420619283,0.25079510693689006,55,8,udacity,dr,100,dave2v1,0.087,
18,0.4068768620491028,0.3691349431289472,0.388005902589025,82,7,udacity,dr,150,dave2v1,0.087,
23,0.3457657992839813,0.2087142360787456,0.27724001768136347,116,10,udacity,dr,200,dave2v1,0.087,
8,0.1890108287334442,0.06030381826310089,0.12465732349827255,35,10,udacity,ces,50,dave2v1,0.087,
16,0.2666972577571869,0.29698444749373015,0.28184085262545855,80,7,udacity,ces,100,dave2v1,0.087,
17,0.3048000931739807,,,108,1,udacity,ces,150,dave2v1,0.087,
6,-0.08885857462882996,0.02716295034689931,-0.030847812140965325,138,5,udacity,ces,200,dave2v1,0.087,
9,0.233377605676651,0.25909832831504553,0.24623796699584827,28,3,udacity,est,50,dave2v1,0.087,
20,0.3343653678894043,0.24827044909973062,0.29131790849456746,74,7,udacity,est,100,dave2v1,0.087,
28,0.3880354166030884,0.2667873110805413,0.32741136384181485,111,10,udacity,est,150,dave2v1,0.087,
31,0.42161983251571655,0.3333261918521054,0.37747301218391094,135,4,udacity,est,200,dave2v1,0.087,
10,0.237925186753273,0.3551506687017087,0.2965379277274909,27,5,udacity,rnd,50,dave2v1,0.087,
16,0.20852544903755188,0.10094723605299888,0.15473634254527538,54,11,udacity,rnd,100,dave2v1,0.087,
22,0.30153751373291016,0.22872748395365977,0.26513249884328494,98,5,udacity,rnd,150,dave2v1,0.087,
27,0.41815394163131714,0.246603677435494,0.3323788095334056,128,5,udacity,rnd,200,dave2v1,0.087,
12,0.3007834851741791,0.15633989365005851,0.2285616894121188,41,10,udacity,ent,50,dave2v1,0.087,
16,0.4944652318954468,0.33079956095213864,0.4126323964237927,82,2,udacity,ent,100,dave2v1,0.087,
21,0.4900417625904083,0.38793734460377277,0.4389895535970906,124,8,udacity,ent,150,dave2v1,0.087,
33,0.47746020555496216,0.38426978044984056,0.43086499300240133,164,9,udacity,ent,200,dave2v1,0.087,
2,0.15622591972351074,0.13023113368599998,0.14322852670475536,8,4,udacity,gini,50,dave2v1,0.087,
5,0.13850264251232147,,,18,1,udacity,gini,100,dave2v1,0.087,
10,0.3719661235809326,0.3035632369582445,0.33776468026958856,29,3,udacity,gini,150,dave2v1,0.087,
11,0.4393169581890106,0.38882735126806856,0.4140721547285396,36,2,udacity,gini,200,dave2v1,0.087,
8,0.2487206608057022,0.07265689728232705,0.16068877904401463,30,4,udacity,gd,50,dave2v1,0.087,
21,0.31053289771080017,0.1723941161413418,0.241463506926071,65,8,udacity,gd,100,dave2v1,0.087,
22,0.31546270847320557,0.2114996482268346,0.26348117835002005,98,8,udacity,gd,150,dave2v1,0.087,
25,0.39578163623809814,0.2515195166848994,0.32365057646149875,120,12,udacity,gd,200,dave2v1,0.087,
10,0.33301180601119995,0.23067323861408878,0.2818425223126444,40,7,udacity,kmnc,50,dave2v1,0.087,
16,0.3683149814605713,0.2582712773449364,0.31329312940275383,80,9,udacity,kmnc,100,dave2v1,0.087,
13,0.3452485203742981,0.16495014467295407,0.2550993325236261,119,2,udacity,kmnc,150,dave2v1,0.087,
26,0.4774031639099121,0.3404108566454741,0.4089070102776931,159,7,udacity,kmnc,200,dave2v1,0.087,
9,0.3308566212654114,0.2238563055677869,0.27735646341659914,42,3,udacity,nac,50,dave2v1,0.087,
19,0.4752523601055145,0.38457226063088545,0.4299123103682,81,4,udacity,nac,100,dave2v1,0.087,
28,0.41535648703575134,0.29437811323903595,0.35486730013739365,122,10,udacity,nac,150,dave2v1,0.087,
30,0.5134146809577942,0.43579622356659176,0.474605452262193,159,10,udacity,nac,200,dave2v1,0.087,
10,0.31756484508514404,0.11506826625265665,0.21631655566890035,37,3,udacity,lsa,50,dave2v1,0.087,
19,0.22409741580486298,0.12165961480969875,0.17287851530728088,78,11,udacity,lsa,100,dave2v1,0.087,
19,0.4897013306617737,0.39530165624435404,0.4425014934530639,125,5,udacity,lsa,150,dave2v1,0.087,
35,0.3435429036617279,0.18597652700650927,0.2647597153341186,164,10,udacity,lsa,200,dave2v1,0.087,
7,0.20362488925457,0.08796820734849067,0.14579654830153033,24,9,udacity,std,50,dave2v1,0.087,
12,0.3008955717086792,0.22668634305296595,0.2637909573808226,66,4,udacity,std,100,dave2v1,0.087,
25,0.3017778992652893,0.22856452429597368,0.2651712117806315,84,8,udacity,std,150,dave2v1,0.087,
20,0.28560858964920044,0.15946009948774628,0.22253434456847337,117,11,udacity,std,200,dave2v1,0.087,
7,0.2153327465057373,0.17330699366818214,0.19431987008695972,24,2,udacity,pace,50,dave2v1,0.087,
18,0.2696065306663513,0.16568755355063797,0.21764704210849464,61,10,udacity,pace,100,dave2v1,0.087,
21,0.29761046171188354,0.16433745227570531,0.23097395699379442,87,13,udacity,pace,150,dave2v1,0.087,
20,0.3904181718826294,0.2944401402001466,0.342429156041388,122,10,udacity,pace,200,dave2v1,0.087,
6,0.273780882358551,0.12278854607542442,0.19828471421698773,20,2,udacity,dr,50,dave2v1,0.131,
10,0.3362198770046234,0.19851749796399903,0.2673686874843112,44,4,udacity,dr,100,dave2v1,0.131,
9,0.6002127528190613,,,62,1,udacity,dr,150,dave2v1,0.131,
14,0.5045484900474548,0.42912965567471845,0.4668390728610866,85,2,udacity,dr,200,dave2v1,0.131,
7,0.2206360548734665,0.18437730717275977,0.20250668102311314,26,3,udacity,ces,50,dave2v1,0.131,
17,0.2931332588195801,0.15708419451243627,0.22510872666600817,68,6,udacity,ces,100,dave2v1,0.131,
12,0.25096285343170166,,,84,1,udacity,ces,150,dave2v1,0.131,
11,0.079872727394104,0.1749859686650723,0.12742934802958816,119,3,udacity,ces,200,dave2v1,0.131,
6,0.17658080160617828,0.0551012790559554,0.11584104033106685,22,5,udacity,est,50,dave2v1,0.131,
15,0.34776467084884644,0.1763247320576171,0.2620447014532318,63,4,udacity,est,100,dave2v1,0.131,
22,0.3467659652233124,0.2888542003853246,0.3178100828043185,87,8,udacity,est,150,dave2v1,0.131,
25,0.33605462312698364,0.18183588266811754,0.2589452528975506,102,13,udacity,est,200,dave2v1,0.131,
5,0.11479707807302475,0.06868947967936961,0.09174327887619718,19,3,udacity,rnd,50,dave2v1,0.131,
14,0.3186498284339905,0.27314749223510393,0.2958986603345472,43,2,udacity,rnd,100,dave2v1,0.131,
20,0.2467685490846634,0.16005163880113238,0.20341009394289788,75,12,udacity,rnd,150,dave2v1,0.131,
18,0.3074442148208618,0.20494804748363826,0.25619613115225004,88,11,udacity,rnd,200,dave2v1,0.131,
10,0.3363770544528961,0.1736057431114052,0.25499139878215066,34,5,udacity,ent,50,dave2v1,0.131,
14,0.34352821111679077,0.37103362758322633,0.35728091935000855,67,14,udacity,ent,100,dave2v1,0.131,
22,0.4004000127315521,0.2154040199982606,0.30790201636490633,104,11,udacity,ent,150,dave2v1,0.131,
26,0.5140806436538696,0.412451810025339,0.4632662268396043,138,12,udacity,ent,200,dave2v1,0.131,
3,0.16170534491539001,,,8,1,udacity,gini,50,dave2v1,0.131,
4,0.11179745942354202,0.11828169420907872,0.11503957681631037,16,4,udacity,gini,100,dave2v1,0.131,
7,0.3183264136314392,0.22289380594099933,0.27061010978621924,22,4,udacity,gini,150,dave2v1,0.131,
7,0.27461332082748413,0.17450370436249088,0.2245585125949875,23,6,udacity,gini,200,dave2v1,0.131,
5,0.12147869169712067,0.04391957836472113,0.0826991350309209,25,0,udacity,gd,50,dave2v1,0.131,
10,0.28378593921661377,0.09645884450025287,0.19012239185843333,48,7,udacity,gd,100,dave2v1,0.131,
17,0.3345109820365906,0.19624509178951507,0.26537803691305284,68,4,udacity,gd,150,dave2v1,0.131,
23,0.3683721125125885,0.23842163234868688,0.3033968724306377,91,8,udacity,gd,200,dave2v1,0.131,
10,0.3127710223197937,0.21433236472117226,0.26355169352048297,36,3,udacity,kmnc,50,dave2v1,0.131,
14,0.440958708524704,0.35902817719771596,0.39999344286120997,68,4,udacity,kmnc,100,dave2v1,0.131,
14,0.4264630079269409,0.2611325726224845,0.3437977902747127,102,2,udacity,kmnc,150,dave2v1,0.131,
19,0.4358775019645691,0.3426754839201242,0.3892764929423467,137,3,udacity,kmnc,200,dave2v1,0.131,
11,0.27154165506362915,0.23145477570013526,0.2514982153818822,39,6,udacity,nac,50,dave2v1,0.131,
13,0.41153082251548767,0.2663593191456732,0.33894507083058045,71,8,udacity,nac,100,dave2v1,0.131,
17,0.5617399215698242,0.4807589179478814,0.5212494197588529,109,2,udacity,nac,150,dave2v1,0.131,
23,0.4764787256717682,0.35144209464223497,0.4139604101570016,143,14,udacity,nac,200,dave2v1,0.131,
7,0.3401889204978943,0.2540659887551868,0.29712745462654055,29,2,udacity,lsa,50,dave2v1,0.131,
15,0.3004399538040161,0.2403965402576554,0.2704182470308357,69,9,udacity,lsa,100,dave2v1,0.131,
18,0.4473589360713959,0.32308773611697095,0.3852233360941834,110,10,udacity,lsa,150,dave2v1,0.131,
18,0.606189489364624,0.5063776141582865,0.5562835517614553,145,0,udacity,lsa,200,dave2v1,0.131,
4,0.16013981401920319,0.3268102958932329,0.24347505495621805,16,4,udacity,std,50,dave2v1,0.131,
11,0.1472312957048416,0.05422357544761496,0.10072743557622829,48,20,udacity,std,100,dave2v1,0.131,
15,0.3253119885921478,0.2087390857833101,0.267025537187729,57,9,udacity,std,150,dave2v1,0.131,
8,-0.05081463232636452,0.016356509770948578,-0.01722906127770797,90,2,udacity,std,200,dave2v1,0.131,
7,0.20639929175376892,0.11425995534204475,0.16032962354790684,19,4,udacity,pace,50,dave2v1,0.131,
13,0.3008491098880768,0.15736590322965935,0.22910750655886808,47,10,udacity,pace,100,dave2v1,0.131,
10,0.04297139123082161,0.13030822495197694,0.08663980809139928,66,2,udacity,pace,150,dave2v1,0.131,
19,0.3195306956768036,0.23176398815739568,0.2756473419170996,88,13,udacity,pace,200,dave2v1,0.131,
2,0.13561363518238068,-0.005124620992214453,0.06524450709508312,9,5,udacity,dr,50,dave2v1,0.175,
7,0.2943372428417206,0.23639090897388998,0.2653640759078053,26,4,udacity,dr,100,dave2v1,0.175,
9,0.4193364381790161,0.3245535441031014,0.3719449911410587,36,0,udacity,dr,150,dave2v1,0.175,
13,0.30488088726997375,0.25023857986903064,0.2775597335695022,51,6,udacity,dr,200,dave2v1,0.175,
4,0.14311373233795166,0.044645945763845285,0.09387983905089847,22,10,udacity,ces,50,dave2v1,0.175,
11,0.26210567355155945,0.14956149595496457,0.20583358475326202,49,7,udacity,ces,100,dave2v1,0.175,
12,0.3497205674648285,0.18025540140036037,0.2649879844325944,70,3,udacity,ces,150,dave2v1,0.175,
21,0.38238266110420227,0.40308080799551665,0.39273173454985943,99,9,udacity,ces,200,dave2v1,0.175,
5,0.13500601053237915,0.22926000122621581,0.18213300587929748,18,3,udacity,est,50,dave2v1,0.175,
13,0.29349422454833984,0.16952348452854674,0.23150885453844328,54,11,udacity,est,100,dave2v1,0.175,
16,0.3291242718696594,0.24933455146171507,0.2892294116656873,65,3,udacity,est,150,dave2v1,0.175,
18,0.3177695870399475,0.20107419730829978,0.25942189217412365,72,7,udacity,est,200,dave2v1,0.175,
5,0.16814908385276794,,,13,1,udacity,rnd,50,dave2v1,0.175,
6,0.10364919900894165,0.06567985822421155,0.0846645286165766,34,0,udacity,rnd,100,dave2v1,0.175,
10,0.18047775328159332,0.08434486517256981,0.13241130922708155,52,7,udacity,rnd,150,dave2v1,0.175,
11,0.3016449213027954,0.12360240813238586,0.21262366471759064,63,2,udacity,rnd,200,dave2v1,0.175,
9,0.3515566885471344,,,30,1,udacity,ent,50,dave2v1,0.175,
14,0.47081202268600464,0.35436378048429823,0.41258790158515146,57,5,udacity,ent,100,dave2v1,0.175,
24,0.3958088159561157,0.314548907135488,0.35517886154580186,88,13,udacity,ent,150,dave2v1,0.175,
24,0.46556854248046875,0.43844479687919047,0.4520066696798296,118,8,udacity,ent,200,dave2v1,0.175,
0,-1.0,-1.0,-1.0,5,5,udacity,gini,50,dave2v1,0.175,
4,0.21332459151744843,0.15542666784871934,0.18437562968308388,12,2,udacity,gini,100,dave2v1,0.175,
3,0.10648497194051743,0.0029997494655416776,0.054742360703029555,13,5,udacity,gini,150,dave2v1,0.175,
4,0.14643101394176483,,,14,1,udacity,gini,200,dave2v1,0.175,
5,0.17960864305496216,0.08298053880524317,0.13129459093010265,18,3,udacity,gd,50,dave2v1,0.175,
6,0.12462504953145981,0.16238627983750537,0.1435056646844826,34,3,udacity,gd,100,dave2v1,0.175,
14,0.2898886501789093,0.24412695242001667,0.267007801299463,48,2,udacity,gd,150,dave2v1,0.175,
18,0.323762446641922,0.21369659815398026,0.2687295223979511,68,9,udacity,gd,200,dave2v1,0.175,
11,0.3228495121002197,0.1925498196787422,0.25769966588948096,34,5,udacity,kmnc,50,dave2v1,0.175,
16,0.3305581212043762,0.20245303845626278,0.26650557983031953,58,8,udacity,kmnc,100,dave2v1,0.175,
13,0.3279460668563843,0.3107235740380975,0.31933482044724093,85,5,udacity,kmnc,150,dave2v1,0.175,
26,0.36918550729751587,0.2779468043252262,0.32356615581137105,115,14,udacity,kmnc,200,dave2v1,0.175,
10,0.30799734592437744,0.25046192416120266,0.2792296350427901,34,5,udacity,nac,50,dave2v1,0.175,
11,0.44945839047431946,0.312801820913822,0.38113010569407074,61,4,udacity,nac,100,dave2v1,0.175,
17,0.42262789607048035,0.25039538062852984,0.3365116383495051,95,7,udacity,nac,150,dave2v1,0.175,
18,0.5014824271202087,0.38000889874493854,0.44074566293257367,125,7,udacity,nac,200,dave2v1,0.175,
7,0.37400734424591064,0.2945148566880492,0.33426110046697993,25,2,udacity,lsa,50,dave2v1,0.175,
12,0.3546516001224518,0.2987437776441367,0.3266976888832942,60,8,udacity,lsa,100,dave2v1,0.175,
15,0.4894636869430542,0.3441449898149102,0.41680433837898223,96,5,udacity,lsa,150,dave2v1,0.175,
19,0.4331750273704529,0.31406546106325534,0.37362024421685414,127,9,udacity,lsa,200,dave2v1,0.175,
3,0.16566628217697144,0.09914233344804846,0.13240430781250995,11,3,udacity,std,50,dave2v1,0.175,
7,0.27136319875717163,0.3268642172224482,0.2991137079898099,39,5,udacity,std,100,dave2v1,0.175,
10,0.3177861273288727,0.21963445194498465,0.26871028963692867,40,8,udacity,std,150,dave2v1,0.175,
11,0.2608550786972046,0.09484644298347647,0.17785076084034052,62,0,udacity,std,200,dave2v1,0.175,
5,0.2302616834640503,0.10147850136434408,0.1658700924141972,14,2,udacity,pace,50,dave2v1,0.175,
4,-0.06893781572580338,,,35,1,udacity,pace,100,dave2v1,0.175,
15,0.2518807053565979,0.1615742908071168,0.20672749808185736,49,8,udacity,pace,150,dave2v1,0.175,
14,0.3073687255382538,0.1693414620809068,0.2383550938095803,61,6,udacity,pace,200,dave2v1,0.175,
1,0.18052798509597778,0.02897154246646566,0.10474976378122172,4,2,udacity,dr,50,dave2v1,0.218,
5,0.20197714865207672,,,12,1,udacity,dr,100,dave2v1,0.218,
3,0.22730368375778198,0.12275381389915485,0.17502874882846842,15,7,udacity,dr,150,dave2v1,0.218,
7,0.30060118436813354,0.13194924101675404,0.2162752126924438,26,4,udacity,dr,200,dave2v1,0.218,
4,0.16769053041934967,0.2404705402417603,0.20408053533055498,18,3,udacity,ces,50,dave2v1,0.218,
7,0.21213248372077942,0.16255106338676925,0.18734177355377435,34,8,udacity,ces,100,dave2v1,0.218,
9,0.29285743832588196,0.256364337951373,0.27461088813862744,58,2,udacity,ces,150,dave2v1,0.218,
19,0.30408966541290283,0.17578290742361757,0.2399362864182602,75,19,udacity,ces,200,dave2v1,0.218,
5,0.2386702597141266,,,13,1,udacity,est,50,dave2v1,0.218,
8,0.27972573041915894,0.14911145664192121,0.21441859353054007,43,6,udacity,est,100,dave2v1,0.218,
15,0.2767927050590515,0.17886633929945708,0.22782952217925428,57,6,udacity,est,150,dave2v1,0.218,
15,0.3619057834148407,0.30082455225230054,0.3313651678335706,58,4,udacity,est,200,dave2v1,0.218,
2,0.12631413340568542,,,9,1,udacity,rnd,50,dave2v1,0.218,
7,0.2521118223667145,0.07713284060434106,0.16462233148552777,22,0,udacity,rnd,100,dave2v1,0.218,
9,0.24920865893363953,0.054054581196194086,0.15163162006491682,36,2,udacity,rnd,150,dave2v1,0.218,
12,0.36940646171569824,0.2220681637542017,0.29573731273494996,42,3,udacity,rnd,200,dave2v1,0.218,
8,0.21345314383506775,0.19073871353396804,0.2020959286845179,23,4,udacity,ent,50,dave2v1,0.218,
10,0.4157601296901703,0.46003972528417214,0.4378999274871712,40,4,udacity,ent,100,dave2v1,0.218,
17,0.36074671149253845,0.26471651551804215,0.31273161350529033,63,8,udacity,ent,150,dave2v1,0.218,
22,0.3758528530597687,0.258819744639422,0.31733629884959536,91,14,udacity,ent,200,dave2v1,0.218,
0,-1.0,-1.0,-1.0,3,3,udacity,gini,50,dave2v1,0.218,
3,0.13019011914730072,,,8,1,udacity,gini,100,dave2v1,0.218,
1,0.12729276716709137,-0.0243034978908737,0.051494634638108834,9,6,udacity,gini,150,dave2v1,0.218,
3,0.17298196256160736,0.05112391262965743,0.1120529375956324,9,3,udacity,gini,200,dave2v1,0.218,
3,0.2322368025779724,0.11545154033641866,0.17384417145719555,11,4,udacity,gd,50,dave2v1,0.218,
4,0.22751213610172272,0.07052211938069344,0.14901712774120807,22,0,udacity,gd,100,dave2v1,0.218,
9,0.2775137722492218,0.217738812563552,0.2476262924063869,37,3,udacity,gd,150,dave2v1,0.218,
8,0.2474953979253769,0.18322308314677832,0.2153592405360776,49,3,udacity,gd,200,dave2v1,0.218,
8,0.33024516701698303,0.31064503776181773,0.3204451023894004,28,2,udacity,kmnc,50,dave2v1,0.218,
14,0.3048357367515564,0.15751138325016026,0.2311735600008583,49,6,udacity,kmnc,100,dave2v1,0.218,
16,0.33811432123184204,0.1810305123392554,0.2595724167855487,70,9,udacity,kmnc,150,dave2v1,0.218,
14,0.44341063499450684,0.3503612983603073,0.39688596667740705,93,5,udacity,kmnc,200,dave2v1,0.218,
8,0.3549571931362152,0.19106810635189142,0.2730126497440533,31,7,udacity,nac,50,dave2v1,0.218,
11,0.48355206847190857,0.33413587488165,0.40884397167677927,55,4,udacity,nac,100,dave2v1,0.218,
11,0.5358627438545227,0.5609147242261052,0.548388734040314,86,3,udacity,nac,150,dave2v1,0.218,
12,0.5563146471977234,0.5874148680684346,0.571864757633079,111,7,udacity,nac,200,dave2v1,0.218,
6,0.2738397717475891,,,17,1,udacity,lsa,50,dave2v1,0.218,
9,0.49947014451026917,0.35094080114522597,0.42520547282774757,48,3,udacity,lsa,100,dave2v1,0.218,
16,0.33764269948005676,0.21278545452981204,0.2752140770049344,78,6,udacity,lsa,150,dave2v1,0.218,
13,0.6534019708633423,0.4748799072900786,0.5641409390767105,102,0,udacity,lsa,200,dave2v1,0.218,
0,-1.0,-1.0,-1.0,7,7,udacity,std,50,dave2v1,0.218,
10,0.2648252546787262,0.20161374530435125,0.23321949999153874,32,7,udacity,std,100,dave2v1,0.218,
10,0.2854715883731842,0.17806175255605328,0.23176667046461874,30,6,udacity,std,150,dave2v1,0.218,
11,0.3143603503704071,,,41,1,udacity,std,200,dave2v1,0.218,
4,0.1813039779663086,-0.005379533475375391,0.0879622222454666,12,4,udacity,pace,50,dave2v1,0.218,
9,0.18675550818443298,0.0947615971845496,0.14075855268449128,28,8,udacity,pace,100,dave2v1,0.218,
7,0.213357612490654,0.20362139826450387,0.20848950537757893,31,3,udacity,pace,150,dave2v1,0.218,
14,0.3637441098690033,0.27999953217415313,0.3218718210215782,45,2,udacity,pace,200,dave2v1,0.218,
0,-1.0,-1.0,-1.0,3,3,udacity,dr,50,dave2v1,0.262,
2,0.15626385807991028,0.3776138770010841,0.2669388675404972,7,2,udacity,dr,100,dave2v1,0.262,
2,0.1998034566640854,-0.007873293774510822,0.09596508144478728,9,0,udacity,dr,150,dave2v1,0.262,
4,0.18949808180332184,0.2274614853083826,0.20847978355585223,16,2,udacity,dr,200,dave2v1,0.262,
2,0.0029024274554103613,,,13,1,udacity,ces,50,dave2v1,0.262,
7,0.1751243621110916,0.1355605364471106,0.15534244927910112,23,7,udacity,ces,100,dave2v1,0.262,
9,0.2637147903442383,0.09516214709784096,0.17943846872103963,38,7,udacity,ces,150,dave2v1,0.262,
17,0.3505208194255829,0.24388063351923278,0.2972007264724078,56,5,udacity,ces,200,dave2v1,0.262,
3,0.16527938842773438,,,8,1,udacity,est,50,dave2v1,0.262,
7,0.3140002191066742,0.15417861595962487,0.23408941753314955,33,0,udacity,est,100,dave2v1,0.262,
11,0.28190532326698303,0.19737814269462592,0.2396417329808045,35,8,udacity,est,150,dave2v1,0.262,
11,0.29311349987983704,0.26742196182855127,0.28026773085419415,42,4,udacity,est,200,dave2v1,0.262,
3,0.22047263383865356,0.11642713100203743,0.1684498824203455,6,0,udacity,rnd,50,dave2v1,0.262,
3,0.2044348418712616,0.029334128551872285,0.11688448521156694,10,0,udacity,rnd,100,dave2v1,0.262,
7,0.21155400574207306,,,21,1,udacity,rnd,150,dave2v1,0.262,
5,0.2133905440568924,0.035776394578024825,0.12458346931745862,23,6,udacity,rnd,200,dave2v1,0.262,
7,0.29357749223709106,0.41126727712036293,0.352422384678727,21,3,udacity,ent,50,dave2v1,0.262,
9,0.438561350107193,0.42274688118333636,0.4306541156452647,36,2,udacity,ent,100,dave2v1,0.262,
13,0.47410744428634644,0.4009859012944031,0.43754667279037474,51,3,udacity,ent,150,dave2v1,0.262,
16,0.4459212124347687,0.3309170794488962,0.38841914594183247,74,7,udacity,ent,200,dave2v1,0.262,
0,-1.0,-1.0,-1.0,3,3,udacity,gini,50,dave2v1,0.262,
2,0.1401195526123047,0.0800193358938531,0.1100694442530789,8,4,udacity,gini,100,dave2v1,0.262,
3,0.18803814053535461,0.05327621225125641,0.1206571763933055,9,3,udacity,gini,150,dave2v1,0.262,
3,0.17876757681369781,0.02320393460362754,0.10098575570866268,9,0,udacity,gini,200,dave2v1,0.262,
3,0.06673705577850342,,,10,1,udacity,gd,50,dave2v1,0.262,
5,0.1650768220424652,0.13032524516696092,0.14770103360471307,14,3,udacity,gd,100,dave2v1,0.262,
5,0.26960593461990356,0.1574498580790276,0.21352789634946556,30,0,udacity,gd,150,dave2v1,0.262,
10,0.34394028782844543,0.2713697378262962,0.30765501282737084,38,3,udacity,gd,200,dave2v1,0.262,
7,0.1634504348039627,0.052814953578418436,0.10813269419119056,24,8,udacity,kmnc,50,dave2v1,0.262,
11,0.34292200207710266,0.26181084086726425,0.30236642147218346,41,5,udacity,kmnc,100,dave2v1,0.262,
13,0.35887300968170166,0.2767098196491556,0.3177914146654286,59,5,udacity,kmnc,150,dave2v1,0.262,
14,0.3684258759021759,0.21353569573342907,0.2909807858178025,73,9,udacity,kmnc,200,dave2v1,0.262,
7,0.35251086950302124,0.29317240460698835,0.3228416370550048,29,4,udacity,nac,50,dave2v1,0.262,
7,0.5007287859916687,0.28069415501571543,0.39071147050369204,47,3,udacity,nac,100,dave2v1,0.262,
21,0.2830727994441986,0.20810044314632056,0.2455866212952596,73,9,udacity,nac,150,dave2v1,0.262,
21,0.34646186232566833,0.2613553248561821,0.30390859359092526,95,12,udacity,nac,200,dave2v1,0.262,
4,0.10440842062234879,0.057694869593987154,0.08105164510816797,15,7,udacity,lsa,50,dave2v1,0.262,
9,0.33383768796920776,0.20231292354116,0.2680753057551839,42,5,udacity,lsa,100,dave2v1,0.262,
13,0.41351380944252014,0.35647626273998323,0.3849950360912517,68,6,udacity,lsa,150,dave2v1,0.262,
10,0.6392212510108948,0.5825152785447574,0.6108682647778261,87,3,udacity,lsa,200,dave2v1,0.262,
0,-1.0,-1.0,-1.0,5,5,udacity,std,50,dave2v1,0.262,
5,0.22606317698955536,0.1150010675036848,0.17053212224662007,20,2,udacity,std,100,dave2v1,0.262,
5,0.15998244285583496,0.24713256231874173,0.20355750258728833,20,2,udacity,std,150,dave2v1,0.262,
6,0.2164219617843628,0.12689821175042748,0.17166008676739514,28,8,udacity,std,200,dave2v1,0.262,
3,0.19030411541461945,0.10577703108739442,0.14804057325100695,9,2,udacity,pace,50,dave2v1,0.262,
4,0.2721303403377533,0.04160270875875584,0.15686652454825456,20,0,udacity,pace,100,dave2v1,0.262,
6,0.14865101873874664,,,22,1,udacity,pace,150,dave2v1,0.262,
8,0.34823721647262573,0.13484131998483354,0.24153926822872962,29,0,udacity,pace,200,dave2v1,0.262,
0,-1.0,-1.0,-1.0,3,3,udacity,dr,50,dave2v1,0.305,
0,-1.0,-1.0,-1.0,5,5,udacity,dr,100,dave2v1,0.305,
2,0.0062786489725112915,,,7,1,udacity,dr,150,dave2v1,0.305,
3,0.13623441755771637,0.38487655693253225,0.26055548724512434,13,3,udacity,dr,200,dave2v1,0.305,
3,0.05194256454706192,0.4496795795661558,0.25081107205660885,10,4,udacity,ces,50,dave2v1,0.305,
4,0.17876461148262024,0.05763450861091181,0.11819956004676602,20,0,udacity,ces,100,dave2v1,0.305,
8,0.26198649406433105,0.2274805907135502,0.24473354238894063,25,2,udacity,ces,150,dave2v1,0.305,
10,0.3093821704387665,0.2796925002944498,0.29453733536660814,35,2,udacity,ces,200,dave2v1,0.305,
2,0.039504874497652054,,,7,1,udacity,est,50,dave2v1,0.305,
4,0.2551799416542053,0.11197971990013117,0.18357983077716825,18,7,udacity,est,100,dave2v1,0.305,
5,0.1507568657398224,0.18065919659638022,0.1657080311681013,21,2,udacity,est,150,dave2v1,0.305,
7,0.23930007219314575,0.30524191563404257,0.27227099391359416,26,4,udacity,est,200,dave2v1,0.305,
1,0.6972193717956543,,,4,1,udacity,rnd,50,dave2v1,0.305,
1,0.12628701329231262,0.059392560725301725,0.09283978700880717,4,2,udacity,rnd,100,dave2v1,0.305,
4,0.28029924631118774,,,15,1,udacity,rnd,150,dave2v1,0.305,
3,0.14735004305839539,-0.0012736783205430403,0.07303818236892617,14,3,udacity,rnd,200,dave2v1,0.305,
5,0.2527245283126831,0.3494268473093624,0.3010756878110228,16,2,udacity,ent,50,dave2v1,0.305,
6,0.4641188383102417,0.37120732678105955,0.41766308254565065,31,6,udacity,ent,100,dave2v1,0.305,
11,0.4515407383441925,0.32952522356986785,0.39053298095703015,41,0,udacity,ent,150,dave2v1,0.305,
16,0.36340993642807007,0.2555985120639209,0.3095042242459955,53,7,udacity,ent,200,dave2v1,0.305,
-1,-1.0,,-1.0,2,-1,udacity,gini,50,dave2v1,0.305,-1.0
0,-1.0,-1.0,-1.0,3,3,udacity,gini,100,dave2v1,0.305,
1,0.17584526538848877,0.10151151610586781,0.1386783907471783,4,2,udacity,gini,150,dave2v1,0.305,
1,0.15622852742671967,0.06506373135384125,0.11064612939028046,4,2,udacity,gini,200,dave2v1,0.305,
2,0.08824960887432098,,,5,1,udacity,gd,50,dave2v1,0.305,
3,0.10730767250061035,,,8,1,udacity,gd,100,dave2v1,0.305,
7,0.30252668261528015,0.09952689323952095,0.20102678792740056,21,2,udacity,gd,150,dave2v1,0.305,
6,0.23444624245166779,0.26310351002729204,0.24877487623947991,24,2,udacity,gd,200,dave2v1,0.305,
8,0.25553157925605774,0.1360420050952656,0.19578679217566167,18,0,udacity,kmnc,50,dave2v1,0.305,
9,0.29334351420402527,0.08641975184318107,0.18988163302360317,32,5,udacity,kmnc,100,dave2v1,0.305,
10,0.37748074531555176,0.346540295196192,0.3620105202558719,45,2,udacity,kmnc,150,dave2v1,0.305,
11,0.334888756275177,0.1461914439436813,0.24054010010942917,57,11,udacity,kmnc,200,dave2v1,0.305,
8,0.310438334941864,0.25820319631247735,0.2843207656271707,25,6,udacity,nac,50,dave2v1,0.305,
5,0.4967789947986603,0.2746574470546236,0.38571822092664193,41,0,udacity,nac,100,dave2v1,0.305,
14,0.44086042046546936,0.4214730590725497,0.43116673976900954,60,4,udacity,nac,150,dave2v1,0.305,
18,0.20398911833763123,0.1416615786146967,0.17282534847616396,69,12,udacity,nac,200,dave2v1,0.305,
3,0.22904610633850098,,,11,1,udacity,lsa,50,dave2v1,0.305,
5,0.5345101952552795,0.3580099136955573,0.4462600544754184,30,0,udacity,lsa,100,dave2v1,0.305,
8,0.5045309662818909,,,51,1,udacity,lsa,150,dave2v1,0.305,
11,0.37883856892585754,0.3155878014204152,0.3472131851731364,61,12,udacity,lsa,200,dave2v1,0.305,
0,-1.0,-1.0,-1.0,3,3,udacity,std,50,dave2v1,0.305,
5,0.2749970853328705,0.15627915546975518,0.21563812040131283,15,3,udacity,std,100,dave2v1,0.305,
6,0.22916141152381897,0.09878697171950554,0.16397419162166227,16,0,udacity,std,150,dave2v1,0.305,
7,0.2913249433040619,0.06588040401883599,0.17860267366144894,19,0,udacity,std,200,dave2v1,0.305,
1,-1.0,-1.0,-1.0,5,0,udacity,pace,50,dave2v1,0.305,
3,0.24810223281383514,0.05060435369505452,0.14935329325444482,11,3,udacity,pace,100,dave2v1,0.305,
5,0.21370437741279602,0.12658877737118124,0.17014657739198863,17,3,udacity,pace,150,dave2v1,0.305,
6,0.19267970323562622,0.35679579744657614,0.27473775034110115,18,3,udacity,pace,200,dave2v1,0.305,
-1,-1.0,,-1.0,0,-1,udacity,dr,50,dave2v1,0.349,-1.0
-1,-1.0,,-1.0,0,-1,udacity,dr,100,dave2v1,0.349,-1.0
-1,-1.0,,-1.0,1,-1,udacity,dr,150,dave2v1,0.349,-1.0
1,0.18545302748680115,0.04611351489487156,0.11578327119083635,5,3,udacity,dr,200,dave2v1,0.349,
2,0.12636123597621918,0.11076361907888366,0.11856242752755142,7,2,udacity,ces,50,dave2v1,0.349,
4,0.1358642429113388,0.08312614494818704,0.10949519392976292,13,2,udacity,ces,100,dave2v1,0.349,
2,0.0019502078648656607,-0.05753102478965057,-0.027790408462392453,17,13,udacity,ces,150,dave2v1,0.349,
8,0.3277503252029419,0.2553600793543795,0.2915552022786607,25,4,udacity,ces,200,dave2v1,0.349,
2,0.18404985964298248,0.046175154588534786,0.11511250711575863,6,0,udacity,est,50,dave2v1,0.349,
5,0.23418843746185303,,,12,1,udacity,est,100,dave2v1,0.349,
3,0.06194980442523956,,,13,1,udacity,est,150,dave2v1,0.349,
6,0.23093140125274658,0.10755359508454583,0.1692424981686462,17,0,udacity,est,200,dave2v1,0.349,
-1,-1.0,,-1.0,2,-1,udacity,rnd,50,dave2v1,0.349,-1.0
0,-1.0,-1.0,-1.0,3,3,udacity,rnd,100,dave2v1,0.349,
2,0.1899738758802414,0.02598539460905229,0.10797963524464685,9,4,udacity,rnd,150,dave2v1,0.349,
2,0.2703171968460083,0.03502877338488369,0.152672985115446,9,0,udacity,rnd,200,dave2v1,0.349,
2,0.11623605340719223,0.060512834777151,0.08837444409217161,10,6,udacity,ent,50,dave2v1,0.349,
7,0.2569577097892761,,,20,1,udacity,ent,100,dave2v1,0.349,
8,0.3397770822048187,0.2388319386976698,0.2893045104512443,23,3,udacity,ent,150,dave2v1,0.349,
7,0.3646220862865448,0.2321370064290245,0.29837954635778463,31,4,udacity,ent,200,dave2v1,0.349,
-1,-1.0,,-1.0,2,-1,udacity,gini,50,dave2v1,0.349,-1.0
0,-1.0,-1.0,-1.0,3,3,udacity,gini,100,dave2v1,0.349,
1,-0.03135240823030472,0.8593237036707191,0.4139856477202072,4,2,udacity,gini,150,dave2v1,0.349,
1,0.24836912751197815,0.11889112511575567,0.1836301263138669,4,2,udacity,gini,200,dave2v1,0.349,
1,0.21252191066741943,0.06238824815789391,0.13745507941265667,4,2,udacity,gd,50,dave2v1,0.349,
-1,-1.0,,-1.0,2,-1,udacity,gd,100,dave2v1,0.349,-1.0
4,0.2571464776992798,0.20324276137815003,0.2301946195387149,16,5,udacity,gd,150,dave2v1,0.349,
6,0.2300749570131302,0.1408678971784051,0.18547142709576764,17,4,udacity,gd,200,dave2v1,0.349,
6,0.18818527460098267,0.19984231610000605,0.19401379535049434,15,2,udacity,kmnc,50,dave2v1,0.349,
6,0.3160385489463806,0.2003286037273993,0.25818357633688993,28,3,udacity,kmnc,100,dave2v1,0.349,
11,0.3182932436466217,0.20598852971100887,0.2621408866788153,39,5,udacity,kmnc,150,dave2v1,0.349,
12,0.366849422454834,0.2897814889603605,0.32831545570759724,47,6,udacity,kmnc,200,dave2v1,0.349,
8,0.3194868564605713,0.23864817671048288,0.2790675165855271,24,3,udacity,nac,50,dave2v1,0.349,
7,0.40027958154678345,0.3451739388280557,0.37272676018741957,37,9,udacity,nac,100,dave2v1,0.349,
12,0.2844361960887909,0.12588656796675493,0.2051613820277729,51,3,udacity,nac,150,dave2v1,0.349,
12,0.4568411409854889,0.3097836300864515,0.3833123855359702,55,0,udacity,nac,200,dave2v1,0.349,
1,0.214229017496109,0.0715376501720527,0.14288333383408086,4,2,udacity,lsa,50,dave2v1,0.349,
6,0.2561035454273224,0.11396058203945153,0.18503206373338696,22,3,udacity,lsa,100,dave2v1,0.349,
8,0.31011173129081726,0.20245444642019472,0.256283088855506,37,6,udacity,lsa,150,dave2v1,0.349,
9,0.44461408257484436,0.4012014748363756,0.42290777870560997,45,2,udacity,lsa,200,dave2v1,0.349,
-1,-1.0,,-1.0,1,-1,udacity,std,50,dave2v1,0.349,-1.0
2,0.0780387744307518,,,10,1,udacity,std,100,dave2v1,0.349,
2,0.24379335343837738,0.06302012028991846,0.1534067368641479,9,5,udacity,std,150,dave2v1,0.349,
5,0.2532432973384857,0.36399775383783023,0.308620525588158,15,3,udacity,std,200,dave2v1,0.349,
0,-1.0,-1.0,-1.0,3,3,udacity,pace,50,dave2v1,0.349,
1,0.26280754804611206,0.15334002170400104,0.20807378487505657,4,2,udacity,pace,100,dave2v1,0.349,
3,0.1879691481590271,0.3421815793608197,0.2650753637599234,9,2,udacity,pace,150,dave2v1,0.349,
4,0.16742999851703644,,,12,1,udacity,pace,200,dave2v1,0.349,
-1,-1.0,,-1.0,0,-1,udacity,dr,50,dave2v1,0.393,-1.0
-1,-1.0,,-1.0,0,-1,udacity,dr,100,dave2v1,0.393,-1.0
-1,-1.0,,-1.0,1,-1,udacity,dr,150,dave2v1,0.393,-1.0
1,0.19884243607521057,0.042104726542471646,0.12047358130884112,4,2,udacity,dr,200,dave2v1,0.393,
1,0.3246583044528961,0.9547266004058851,0.6396924524293905,5,2,udacity,ces,50,dave2v1,0.393,
1,0.0991542711853981,0.015423852075852645,0.057289061630625374,10,4,udacity,ces,100,dave2v1,0.393,
3,0.09208357334136963,,,12,1,udacity,ces,150,dave2v1,0.393,
2,0.20993010699748993,0.09844702380156367,0.1541885653995268,17,13,udacity,ces,200,dave2v1,0.393,
0,-1.0,-1.0,-1.0,5,5,udacity,est,50,dave2v1,0.393,
2,0.11083117872476578,,,7,1,udacity,est,100,dave2v1,0.393,
3,0.14283713698387146,0.09200060872083723,0.11741887285235435,10,3,udacity,est,150,dave2v1,0.393,
5,0.24249939620494843,0.15459348375143836,0.19854643997819338,10,0,udacity,est,200,dave2v1,0.393,
-1,-1.0,,-1.0,1,-1,udacity,rnd,50,dave2v1,0.393,-1.0
-1,-1.0,,-1.0,1,-1,udacity,rnd,100,dave2v1,0.393,-1.0
0,-1.0,-1.0,-1.0,6,6,udacity,rnd,150,dave2v1,0.393,
2,0.23555012047290802,0.08141733141059534,0.1584837259417517,5,0,udacity,rnd,200,dave2v1,0.393,
2,0.18573443591594696,,,7,1,udacity,ent,50,dave2v1,0.393,
4,0.266841858625412,0.16236640072074465,0.21460412967307832,11,2,udacity,ent,100,dave2v1,0.393,
6,0.17477795481681824,0.07142148927093595,0.12309972204387709,14,2,udacity,ent,150,dave2v1,0.393,
7,0.22041858732700348,0.11167967544432447,0.16604913138566396,21,3,udacity,ent,200,dave2v1,0.393,
-1,-1.0,,-1.0,2,-1,udacity,gini,50,dave2v1,0.393,-1.0
-1,-1.0,,-1.0,2,-1,udacity,gini,100,dave2v1,0.393,-1.0
-1,-1.0,,-1.0,2,-1,udacity,gini,150,dave2v1,0.393,-1.0
-1,-1.0,,-1.0,2,-1,udacity,gini,200,dave2v1,0.393,-1.0
0,-1.0,-1.0,-1.0,3,3,udacity,gd,50,dave2v1,0.393,
-1,-1.0,,-1.0,1,-1,udacity,gd,100,dave2v1,0.393,-1.0
4,0.15636785328388214,,,9,1,udacity,gd,150,dave2v1,0.393,
4,0.17825137078762054,0.4219451506910754,0.300098260739348,11,3,udacity,gd,200,dave2v1,0.393,
4,0.2600444257259369,0.09843015150632835,0.1792372886161326,12,3,udacity,kmnc,50,dave2v1,0.393,
7,0.21554222702980042,0.143870136320528,0.17970618167516422,23,6,udacity,kmnc,100,dave2v1,0.393,
7,0.37410375475883484,,,30,1,udacity,kmnc,150,dave2v1,0.393,
9,0.42160433530807495,0.3190954116505474,0.37034987347931114,36,7,udacity,kmnc,200,dave2v1,0.393,
8,0.2799186110496521,0.2340684540623571,0.2569935325560046,23,4,udacity,nac,50,dave2v1,0.393,
7,0.4702359735965729,0.33659425737659976,0.4034151154865863,35,5,udacity,nac,100,dave2v1,0.393,
10,0.18323339521884918,0.2613429254693212,0.2222881603440852,45,7,udacity,nac,150,dave2v1,0.393,
11,0.19799469411373138,0.09014057189953142,0.1440676330066314,48,5,udacity,nac,200,dave2v1,0.393,
-1,-1.0,,-1.0,1,-1,udacity,lsa,50,dave2v1,0.393,-1.0
4,0.12463589012622833,0.01157941684328349,0.0681076534847559,15,5,udacity,lsa,100,dave2v1,0.393,
6,0.27152544260025024,0.21841271006679575,0.244969076333523,26,2,udacity,lsa,150,dave2v1,0.393,
6,0.3636745810508728,0.21198459114472923,0.287829586097801,33,4,udacity,lsa,200,dave2v1,0.393,
-1,-1.0,,-1.0,1,-1,udacity,std,50,dave2v1,0.393,-1.0
0,-1.0,-1.0,-1.0,6,6,udacity,std,100,dave2v1,0.393,
2,0.16192558407783508,0.07833621628955893,0.12013090018369701,7,2,udacity,std,150,dave2v1,0.393,
4,0.13656367361545563,0.07603599966225084,0.10629983663885323,11,0,udacity,std,200,dave2v1,0.393,
0,-1.0,-1.0,-1.0,3,3,udacity,pace,50,dave2v1,0.393,
-1,-1.0,,-1.0,2,-1,udacity,pace,100,dave2v1,0.393,-1.0
0,-1.0,-1.0,-1.0,3,3,udacity,pace,150,dave2v1,0.393,
2,0.15923893451690674,0.004893627372105951,0.08206628094450634,8,4,udacity,pace,200,dave2v1,0.393,
-1,-1.0,,-1.0,0,-1,udacity,dr,50,dave2v1,0.436,-1.0
-1,-1.0,,-1.0,0,-1,udacity,dr,100,dave2v1,0.436,-1.0
-1,-1.0,,-1.0,1,-1,udacity,dr,150,dave2v1,0.436,-1.0
0,-1.0,-1.0,-1.0,3,3,udacity,dr,200,dave2v1,0.436,
1,0.16457396745681763,0.017680444282883956,0.09112720586985079,5,3,udacity,ces,50,dave2v1,0.436,
3,0.24198487401008606,0.2756655355569314,0.25882520478350873,9,2,udacity,ces,100,dave2v1,0.436,
4,0.15652291476726532,,,12,1,udacity,ces,150,dave2v1,0.436,
5,0.2017037719488144,0.4277032235020903,0.31470349772545236,13,3,udacity,ces,200,dave2v1,0.436,
0,-1.0,-1.0,-1.0,3,3,udacity,est,50,dave2v1,0.436,
1,0.050042182207107544,,,5,1,udacity,est,100,dave2v1,0.436,
3,0.1519296020269394,,,7,1,udacity,est,150,dave2v1,0.436,
2,0.1011015772819519,0.07138343217719884,0.08624250472957537,8,2,udacity,est,200,dave2v1,0.436,
-1,-1.0,,-1.0,1,-1,udacity,rnd,50,dave2v1,0.436,-1.0
-1,-1.0,,-1.0,0,-1,udacity,rnd,100,dave2v1,0.436,-1.0
3,0.2229204922914505,0.11727487110960731,0.1700976817005289,6,0,udacity,rnd,150,dave2v1,0.436,
0,-1.0,-1.0,-1.0,3,3,udacity,rnd,200,dave2v1,0.436,
2,0.21142202615737915,0.08970721246966368,0.15056461931352141,6,2,udacity,ent,50,dave2v1,0.436,
2,0.26221132278442383,0.16712375526292056,0.2146675390236722,8,4,udacity,ent,100,dave2v1,0.436,
4,0.18806609511375427,,,10,1,udacity,ent,150,dave2v1,0.436,
4,0.1962496042251587,0.14182367817802233,0.1690366412015905,16,4,udacity,ent,200,dave2v1,0.436,
-1,-1.0,,-1.0,0,-1,udacity,gini,50,dave2v1,0.436,-1.0
-1,-1.0,,-1.0,0,-1,udacity,gini,100,dave2v1,0.436,-1.0
-1,-1.0,,-1.0,0,-1,udacity,gini,150,dave2v1,0.436,-1.0
-1,-1.0,,-1.0,0,-1,udacity,gini,200,dave2v1,0.436,-1.0
0,-1.0,-1.0,-1.0,3,3,udacity,gd,50,dave2v1,0.436,
-1,-1.0,,-1.0,0,-1,udacity,gd,100,dave2v1,0.436,-1.0
2,0.15412537753582,0.02645072658199324,0.09028805205890662,7,0,udacity,gd,150,dave2v1,0.436,
2,0.1831473708152771,0.1280152498154704,0.15558131031537376,8,4,udacity,gd,200,dave2v1,0.436,
4,0.2766585946083069,0.16118881880895916,0.21892370670863304,10,0,udacity,kmnc,50,dave2v1,0.436,
5,0.19344830513000488,0.11096501337295286,0.15220665925147886,16,3,udacity,kmnc,100,dave2v1,0.436,
5,0.22698910534381866,0.03826069671472114,0.1326249010292699,21,2,udacity,kmnc,150,dave2v1,0.436,
7,0.23551791906356812,0.0852394446924516,0.16037868187800985,24,7,udacity,kmnc,200,dave2v1,0.436,
6,0.1829662322998047,0.14905553370415905,0.16601088300198186,17,4,udacity,nac,50,dave2v1,0.436,
5,0.20382700860500336,0.0701213394719289,0.13697417403846612,24,0,udacity,nac,100,dave2v1,0.436,
6,0.21260298788547516,0.09746401327219772,0.15503350057883644,28,4,udacity,nac,150,dave2v1,0.436,
5,0.27760472893714905,,,29,1,udacity,nac,200,dave2v1,0.436,
-1,-1.0,,-1.0,1,-1,udacity,lsa,50,dave2v1,0.436,-1.0
4,0.16690433025360107,0.05065959031943183,0.10878196028651646,14,4,udacity,lsa,100,dave2v1,0.436,
5,0.3113662004470825,0.1103971081680707,0.2108816543075766,20,0,udacity,lsa,150,dave2v1,0.436,
8,0.226970374584198,0.23384610779441514,0.23040824118930658,27,3,udacity,lsa,200,dave2v1,0.436,
-1,-1.0,,-1.0,0,-1,udacity,std,50,dave2v1,0.436,-1.0
0,-1.0,-1.0,-1.0,5,5,udacity,std,100,dave2v1,0.436,
1,0.22793595492839813,0.04496242166842191,0.13644918829841002,4,2,udacity,std,150,dave2v1,0.436,
0,-1.0,-1.0,-1.0,9,9,udacity,std,200,dave2v1,0.436,
-1,-1.0,,-1.0,1,-1,udacity,pace,50,dave2v1,0.436,-1.0
-1,-1.0,,-1.0,2,-1,udacity,pace,100,dave2v1,0.436,-1.0
-1,-1.0,,-1.0,2,-1,udacity,pace,150,dave2v1,0.436,-1.0
2,0.08291038125753403,,,6,1,udacity,pace,200,dave2v1,0.436,
