Number of Clusters,Silhouette Score,DBCV Score,Combined Score,Number of Mispredicted Inputs,Number of Noisy Inputs,test_set,selection_metric,budget,model,threshold
10,0.3155256509780884,0.15517044269365735,0.23534804683587285,50,6,udacity_label,dr,50,epoch,0.0
11,0.11172452569007874,-0.00947493981031401,0.05112479293988236,100,8,udacity_label,dr,100,epoch,0.0
24,0.2907082140445709,0.12090659378039725,0.2058074039124841,150,8,udacity_label,dr,150,epoch,0.0
22,0.2740216553211212,0.1121012953320621,0.19306147532659165,200,5,udacity_label,dr,200,epoch,0.0
15,0.29938244819641113,0.11020109302798611,0.2047917706121986,50,8,udacity_label,ces,50,epoch,0.0
24,0.3689888119697571,0.21163930924268293,0.29031406060622,100,14,udacity_label,ces,100,epoch,0.0
35,0.42628753185272217,0.31562071738232883,0.3709541246175255,150,17,udacity_label,ces,150,epoch,0.0
38,0.44401541352272034,0.31509201377923185,0.3795537136509761,200,17,udacity_label,ces,200,epoch,0.0
13,0.2946559190750122,0.21130023021146463,0.2529780746432384,50,6,udacity_label,est,50,epoch,0.0
17,0.30219435691833496,0.20707770163538136,0.25463602927685813,100,7,udacity_label,est,100,epoch,0.0
23,0.38815394043922424,0.29388599820793526,0.34101996932357975,150,10,udacity_label,est,150,epoch,0.0
31,0.5176727771759033,0.4276073534061456,0.4726400652910244,200,7,udacity_label,est,200,epoch,0.0
8,0.11836318671703339,0.0933209514762924,0.10584206909666288,50,2,udacity_label,rnd,50,epoch,0.0
29,0.3921239972114563,0.3254451824151877,0.358784589813322,100,13,udacity_label,rnd,100,epoch,0.0
33,0.4024338126182556,0.28907368170146536,0.3457537471598605,150,17,udacity_label,rnd,150,epoch,0.0
33,0.43060028553009033,0.28270637214270355,0.35665332883639694,200,5,udacity_label,rnd,200,epoch,0.0
8,0.44977229833602905,0.336987039264471,0.39337966880025,50,8,udacity_label,ent,50,epoch,0.0
16,0.5734350681304932,0.5332764666645424,0.5533557673975178,100,5,udacity_label,ent,100,epoch,0.0
16,0.688730776309967,0.5566901469780453,0.6227104616440062,150,4,udacity_label,ent,150,epoch,0.0
24,0.6986314654350281,0.6539850012451767,0.6763082333401024,200,6,udacity_label,ent,200,epoch,0.0
13,0.22549690306186676,0.1487376356857803,0.18711726937382353,50,5,udacity_label,gini,50,epoch,0.0
17,0.43238648772239685,0.3194345944021452,0.37591054106227106,100,12,udacity_label,gini,100,epoch,0.0
26,0.439741313457489,0.33682347397206025,0.38828239371477463,150,9,udacity_label,gini,150,epoch,0.0
27,0.5702752470970154,0.4492633430370304,0.509769295067023,200,3,udacity_label,gini,200,epoch,0.0
12,0.2763758897781372,0.168148429532283,0.22226215965521012,50,4,udacity_label,gd,50,epoch,0.0
15,0.3063957095146179,0.1322008020224941,0.219298255768556,100,5,udacity_label,gd,100,epoch,0.0
26,0.34602004289627075,0.20313927756787792,0.27457966023207436,150,13,udacity_label,gd,150,epoch,0.0
44,0.43431034684181213,0.3074487668327099,0.37087955683726104,200,23,udacity_label,gd,200,epoch,0.0
13,0.2276424914598465,0.31830284296661127,0.2729726672132289,50,7,udacity_label,kmnc,50,epoch,0.0
14,0.353201299905777,0.19492012464968775,0.2740607122777324,100,13,udacity_label,kmnc,100,epoch,0.0
19,0.4344275891780853,0.2869523945181131,0.36068999184809925,150,10,udacity_label,kmnc,150,epoch,0.0
24,0.42359787225723267,0.30648328542010045,0.3650405788386666,200,7,udacity_label,kmnc,200,epoch,0.0
12,0.3555504083633423,0.2736710789139081,0.3146107436386252,50,3,udacity_label,nac,50,epoch,0.0
18,0.5135530829429626,0.44031284107599405,0.4769329620094783,100,9,udacity_label,nac,100,epoch,0.0
22,0.5304514765739441,0.3653516413724383,0.44790155897319117,150,9,udacity_label,nac,150,epoch,0.0
36,0.5186394453048706,0.3847840326412496,0.4517117389730601,200,12,udacity_label,nac,200,epoch,0.0
13,0.2186228632926941,0.13249770663993682,0.17556028496631546,50,5,udacity_label,lsa,50,epoch,0.0
28,0.3855513334274292,0.2757877173549131,0.3306695253911711,100,8,udacity_label,lsa,100,epoch,0.0
33,0.4126555025577545,0.3010003913189493,0.3568279469383519,150,10,udacity_label,lsa,150,epoch,0.0
16,0.2668693959712982,0.2055847593985988,0.2362270776849485,200,4,udacity_label,lsa,200,epoch,0.0
15,0.2680162787437439,0.12724465066948426,0.19763046470661408,50,9,udacity_label,std,50,epoch,0.0
22,0.30468153953552246,0.1907198442365099,0.24770069188601618,100,11,udacity_label,std,100,epoch,0.0
21,0.35462623834609985,0.20536512757720057,0.2799956829616502,150,4,udacity_label,std,150,epoch,0.0
28,0.5000057220458984,0.31852306903595756,0.40926439554092797,200,12,udacity_label,std,200,epoch,0.0
16,0.26767197251319885,0.16595921418275944,0.21681559334797915,50,9,udacity_label,pace,50,epoch,0.0
23,0.383451908826828,0.2827784362282232,0.3331151725275256,100,7,udacity_label,pace,100,epoch,0.0
21,0.29146644473075867,0.1932217662636084,0.24234410549718355,150,4,udacity_label,pace,150,epoch,0.0
28,0.37238866090774536,0.22026488654524706,0.2963267737264962,200,9,udacity_label,pace,200,epoch,0.0
12,0.2982415556907654,0.15324622804515273,0.22574389186795907,41,4,udacity_label,dr,50,epoch,0.044
18,0.31995725631713867,0.2069087634844841,0.26343300990081137,80,7,udacity_label,dr,100,epoch,0.044
11,0.14329253137111664,0.08741500124521143,0.11535376630816403,113,6,udacity_label,dr,150,epoch,0.044
38,0.39572882652282715,0.2651640411170295,0.33044643381992833,149,12,udacity_label,dr,200,epoch,0.044
13,0.44224777817726135,0.27844563167384145,0.36034670492555143,40,2,udacity_label,ces,50,epoch,0.044
11,0.37678998708724976,0.16992522313340777,0.27335760511032875,84,5,udacity_label,ces,100,epoch,0.044
30,0.5093237161636353,0.43514718903965566,0.47223545260164546,133,9,udacity_label,ces,150,epoch,0.044
18,0.4471750259399414,0.3299265375797772,0.3885507817598593,160,5,udacity_label,ces,200,epoch,0.044
7,0.30205950140953064,0.17693523441028158,0.2394973679099061,37,2,udacity_label,est,50,epoch,0.044
16,0.3171788156032562,0.19354052506325106,0.25535967033325363,71,11,udacity_label,est,100,epoch,0.044
17,0.31772226095199585,0.2675534664109682,0.29263786368148204,123,4,udacity_label,est,150,epoch,0.044
29,0.5062859654426575,0.39239011751841035,0.4493380414805339,162,11,udacity_label,est,200,epoch,0.044
7,0.19249774515628815,0.2573550544990221,0.2249263998276551,35,3,udacity_label,rnd,50,epoch,0.044
16,0.37418586015701294,0.21223502741027095,0.2932104437836419,83,3,udacity_label,rnd,100,epoch,0.044
21,0.42424237728118896,0.352482780534201,0.388362578907695,127,3,udacity_label,rnd,150,epoch,0.044
36,0.4736715257167816,0.3573674049253256,0.4155194653210536,162,11,udacity_label,rnd,200,epoch,0.044
10,0.36396244168281555,0.16634839494111964,0.2651554183119676,45,4,udacity_label,ent,50,epoch,0.044
12,0.6703186631202698,0.6360774214347877,0.6531980422775288,90,2,udacity_label,ent,100,epoch,0.044
23,0.42141053080558777,0.36919692180349034,0.395303726304539,140,8,udacity_label,ent,150,epoch,0.044
23,0.6536524295806885,0.647897654787091,0.6507750421838898,180,13,udacity_label,ent,200,epoch,0.044
6,0.542316198348999,0.41363532771314393,0.4779757630310715,36,0,udacity_label,gini,50,epoch,0.044
17,0.22796273231506348,0.14474209518050468,0.18635241374778408,74,11,udacity_label,gini,100,epoch,0.044
15,0.5153767466545105,0.3916172033877782,0.4534969750211444,109,5,udacity_label,gini,150,epoch,0.044
19,0.6386563777923584,0.5135698426496484,0.5761131102210034,143,4,udacity_label,gini,200,epoch,0.044
13,0.2440500259399414,0.1537662865846924,0.1989081562623169,44,7,udacity_label,gd,50,epoch,0.044
17,0.2785591781139374,0.13874640073877775,0.20865278942635757,76,12,udacity_label,gd,100,epoch,0.044
24,0.34884127974510193,0.18995159710512383,0.26939643842511285,129,11,udacity_label,gd,150,epoch,0.044
35,0.4297386407852173,0.40944011146979764,0.41958937612750746,151,13,udacity_label,gd,200,epoch,0.044
11,0.2365380823612213,0.30922251566629544,0.2728802990137584,37,5,udacity_label,kmnc,50,epoch,0.044
13,0.29480329155921936,0.2661100271458891,0.28045665935255426,78,4,udacity_label,kmnc,100,epoch,0.044
27,0.345994770526886,0.17787131161705994,0.26193304107197296,111,13,udacity_label,kmnc,150,epoch,0.044
28,0.31332460045814514,0.17935065484462615,0.24633762765138564,147,26,udacity_label,kmnc,200,epoch,0.044
9,0.5929903388023376,,,47,1,udacity_label,nac,50,epoch,0.044
16,0.5652660727500916,0.5728699315341365,0.569068002142114,93,6,udacity_label,nac,100,epoch,0.044
26,0.40555518865585327,0.28834906161861373,0.3469521251372335,143,12,udacity_label,nac,150,epoch,0.044
25,0.6343316435813904,0.4822229974864156,0.558277320533903,193,2,udacity_label,nac,200,epoch,0.044
12,0.23064638674259186,0.25259191494836364,0.24161915084547775,41,4,udacity_label,lsa,50,epoch,0.044
19,0.3579504191875458,0.22055903159410548,0.28925472539082564,78,7,udacity_label,lsa,100,epoch,0.044
26,0.38944435119628906,0.2760847190444006,0.3327645351203448,112,10,udacity_label,lsa,150,epoch,0.044
33,0.42585423588752747,0.3874276691531357,0.4066409525203316,152,10,udacity_label,lsa,200,epoch,0.044
12,0.3135453760623932,0.19186425451579336,0.2527048152890933,42,8,udacity_label,std,50,epoch,0.044
20,0.3382972776889801,0.2811347594368869,0.3097160185629335,78,4,udacity_label,std,100,epoch,0.044
26,0.4329187870025635,0.3582776092406385,0.395598198121601,114,12,udacity_label,std,150,epoch,0.044
25,0.47059860825538635,0.2836780287845791,0.3771383185199827,160,7,udacity_label,std,200,epoch,0.044
11,0.2946528196334839,,,37,1,udacity_label,pace,50,epoch,0.044
11,0.15836988389492035,0.1351248084088991,0.1467473461519097,80,5,udacity_label,pace,100,epoch,0.044
23,0.30822646617889404,0.2957638849735971,0.30199517557624556,117,4,udacity_label,pace,150,epoch,0.044
33,0.4299512803554535,0.3360246021455782,0.38298794125051583,151,12,udacity_label,pace,200,epoch,0.044
10,0.2786150276660919,0.23337388227954042,0.25599445497281614,31,2,udacity_label,dr,50,epoch,0.087
17,0.33792808651924133,0.2039997346925979,0.2709639106059196,65,9,udacity_label,dr,100,epoch,0.087
15,0.26209717988967896,0.15068931168608096,0.20639324578787996,86,5,udacity_label,dr,150,epoch,0.087
26,0.3829329311847687,0.2972009745710014,0.340066952877885,112,12,udacity_label,dr,200,epoch,0.087
10,0.2846125364303589,0.3072434562612318,0.29592799634579536,34,4,udacity_label,ces,50,epoch,0.087
12,0.4200703799724579,0.37256721575019913,0.3963187978613285,65,5,udacity_label,ces,100,epoch,0.087
19,0.48032256960868835,0.33314732737957886,0.4067349484941336,100,12,udacity_label,ces,150,epoch,0.087
21,0.45277243852615356,0.31655961569070673,0.3846660271084301,125,3,udacity_label,ces,200,epoch,0.087
5,0.21496973931789398,,,26,1,udacity_label,est,50,epoch,0.087
16,0.3872731328010559,0.2755140032479912,0.3313935680245236,55,10,udacity_label,est,100,epoch,0.087
17,0.3083854913711548,0.22661310258302864,0.26749929697709174,93,4,udacity_label,est,150,epoch,0.087
11,0.3092881441116333,0.30372619804739603,0.30650717107951464,138,4,udacity_label,est,200,epoch,0.087
9,0.1992594301700592,0.2141294899370996,0.2066944600535794,32,4,udacity_label,rnd,50,epoch,0.087
21,0.31706103682518005,0.21931003239696154,0.2681855346110708,70,13,udacity_label,rnd,100,epoch,0.087
18,0.4590426981449127,0.39730700620870224,0.4281748521768075,97,6,udacity_label,rnd,150,epoch,0.087
29,0.38212305307388306,0.27604809193046853,0.3290855725021758,130,18,udacity_label,rnd,200,epoch,0.087
7,0.5092138051986694,0.36554608526023,0.43737994522944973,40,3,udacity_label,ent,50,epoch,0.087
16,0.4594782292842865,0.4552425226839121,0.4573603759840993,80,8,udacity_label,ent,100,epoch,0.087
20,0.45958444476127625,0.364786812091035,0.4121856284261556,118,7,udacity_label,ent,150,epoch,0.087
20,0.5745453238487244,0.669445141874677,0.6219952328617007,149,9,udacity_label,ent,200,epoch,0.087
8,0.3155643939971924,0.17083086202590156,0.24319762801154698,32,2,udacity_label,gini,50,epoch,0.087
8,0.5382858514785767,0.4644904543964977,0.5013881529375372,64,7,udacity_label,gini,100,epoch,0.087
17,0.3250298500061035,0.2887554794172933,0.3068926647116984,90,8,udacity_label,gini,150,epoch,0.087
18,0.5837725400924683,0.4025725715869454,0.49317255583970687,116,4,udacity_label,gini,200,epoch,0.087
8,0.32487162947654724,0.1428835093180238,0.23387756939728552,36,4,udacity_label,gd,50,epoch,0.087
15,0.3460957407951355,0.26725651315867627,0.3066761269769059,63,3,udacity_label,gd,100,epoch,0.087
20,0.34634897112846375,0.2757091516657832,0.3110290613971235,101,10,udacity_label,gd,150,epoch,0.087
32,0.41142627596855164,0.35230591819828544,0.38186609708341857,116,16,udacity_label,gd,200,epoch,0.087
5,0.1855635941028595,,,29,1,udacity_label,kmnc,50,epoch,0.087
10,0.30608615279197693,0.17544291023867115,0.24076453151532404,55,7,udacity_label,kmnc,100,epoch,0.087
16,0.4559367895126343,0.3871251804807422,0.42153098499668823,83,4,udacity_label,kmnc,150,epoch,0.087
24,0.2713899314403534,0.1954737850102694,0.2334318582253114,114,22,udacity_label,kmnc,200,epoch,0.087
9,0.4197121560573578,0.31561843090151975,0.36766529347943877,34,2,udacity_label,nac,50,epoch,0.087
13,0.45834463834762573,0.35970980264106994,0.4090272204943478,74,8,udacity_label,nac,100,epoch,0.087
19,0.3031716048717499,0.17238457652585656,0.23777809069880324,119,20,udacity_label,nac,150,epoch,0.087
29,0.46938711404800415,0.3087887292634195,0.3890879216557118,163,15,udacity_label,nac,200,epoch,0.087
8,0.25887489318847656,0.13719711209316643,0.1980360026408215,33,3,udacity_label,lsa,50,epoch,0.087
19,0.3138682246208191,0.21605635621289496,0.26496229041685704,65,11,udacity_label,lsa,100,epoch,0.087
17,0.33319228887557983,0.244881094966689,0.2890366919211344,90,3,udacity_label,lsa,150,epoch,0.087
18,0.4669339954853058,0.3204942858244449,0.3937141406548753,124,0,udacity_label,lsa,200,epoch,0.087
5,0.22501523792743683,0.07736836380550038,0.1511918008664686,34,0,udacity_label,std,50,epoch,0.087
13,0.2707352638244629,0.1190837849603907,0.1949095243924268,59,6,udacity_label,std,100,epoch,0.087
23,0.42355895042419434,0.3264362351455997,0.374997592784897,87,5,udacity_label,std,150,epoch,0.087
29,0.4327458143234253,0.2893486942309831,0.3610472542772042,121,10,udacity_label,std,200,epoch,0.087
6,0.24515867233276367,0.26984033432403715,0.25749950332840044,26,3,udacity_label,pace,50,epoch,0.087
8,0.19632500410079956,0.0777149784700607,0.13701999128543013,54,0,udacity_label,pace,100,epoch,0.087
22,0.3699570894241333,0.29444961717993173,0.33220335330203254,82,3,udacity_label,pace,150,epoch,0.087
24,0.4631158709526062,0.3502677258697126,0.40669179841115943,112,4,udacity_label,pace,200,epoch,0.087
6,0.24883681535720825,0.15503417394685465,0.20193549465203145,22,3,udacity_label,dr,50,epoch,0.131
12,0.29319342970848083,0.2474664352605851,0.27032993248453296,43,2,udacity_label,dr,100,epoch,0.131
17,0.3416423201560974,0.33324466115842893,0.3374434906572632,60,5,udacity_label,dr,150,epoch,0.131
20,0.3886496424674988,0.2899971831264239,0.3393234127969613,75,3,udacity_label,dr,200,epoch,0.131
8,0.26288512349128723,0.20066083218762007,0.23177297783945366,30,6,udacity_label,ces,50,epoch,0.131
13,0.305090993642807,0.18456714429207402,0.2448290689674405,44,7,udacity_label,ces,100,epoch,0.131
12,0.5555469393730164,0.4561086861144514,0.5058278127437339,71,3,udacity_label,ces,150,epoch,0.131
22,0.3874329626560211,0.2886180839384378,0.33802552329722946,89,7,udacity_label,ces,200,epoch,0.131
6,0.23255982995033264,,,19,1,udacity_label,est,50,epoch,0.131
9,0.33953556418418884,0.21693570773001117,0.2782356359571,39,4,udacity_label,est,100,epoch,0.131
13,0.31816038489341736,0.2946112510279163,0.30638581796066683,64,2,udacity_label,est,150,epoch,0.131
20,0.42994776368141174,0.33512599081832345,0.3825368772498676,102,10,udacity_label,est,200,epoch,0.131
5,0.19408993422985077,0.04038365650317692,0.11723679536651385,22,0,udacity_label,rnd,50,epoch,0.131
17,0.349533349275589,0.25027383054571023,0.2999035899106496,57,9,udacity_label,rnd,100,epoch,0.131
13,0.3688732087612152,0.29909765026123436,0.3339854295112248,68,5,udacity_label,rnd,150,epoch,0.131
15,0.3944040834903717,0.38293487278955696,0.38866947813996433,89,4,udacity_label,rnd,200,epoch,0.131
7,0.33648666739463806,0.4838553756319832,0.41017102151331064,28,3,udacity_label,ent,50,epoch,0.131
7,0.5421088337898254,0.5663690392328723,0.5542389365113489,59,6,udacity_label,ent,100,epoch,0.131
10,0.40333083271980286,0.3336318605543075,0.3684813466370552,61,5,udacity_label,ent,150,epoch,0.131
10,0.5997568368911743,0.48175207434762235,0.5407544556193984,73,6,udacity_label,ent,200,epoch,0.131
8,0.29828694462776184,0.2339773096178276,0.2661321271227947,32,2,udacity_label,gini,50,epoch,0.131
9,0.6051443219184875,0.6061288706216562,0.6056365962700718,62,3,udacity_label,gini,100,epoch,0.131
13,0.4559859335422516,0.28582581375760713,0.37090587364992933,87,7,udacity_label,gini,150,epoch,0.131
16,0.550999104976654,0.42178637337615155,0.4863927391764028,110,3,udacity_label,gini,200,epoch,0.131
6,0.24312026798725128,0.20157947024253842,0.22234986911489485,28,3,udacity_label,gd,50,epoch,0.131
13,0.355255663394928,0.24732203607049263,0.3012888497327103,45,4,udacity_label,gd,100,epoch,0.131
14,0.3068884015083313,0.20825408866050932,0.2575712450844203,69,12,udacity_label,gd,150,epoch,0.131
21,0.43672293424606323,0.3927080814981243,0.41471550787209377,77,12,udacity_label,gd,200,epoch,0.131
7,0.23157669603824615,,,21,1,udacity_label,kmnc,50,epoch,0.131
11,0.37273091077804565,0.3618100414722104,0.36727047612512803,38,3,udacity_label,kmnc,100,epoch,0.131
15,0.39238956570625305,0.26131228338573964,0.32685092454599635,60,5,udacity_label,kmnc,150,epoch,0.131
21,0.31642404198646545,0.24218239373124822,0.2793032178588568,76,12,udacity_label,kmnc,200,epoch,0.131
6,0.16492502391338348,0.1464838105642623,0.1557044172388229,24,4,udacity_label,nac,50,epoch,0.131
5,0.7058654427528381,,,40,1,udacity_label,nac,100,epoch,0.131
10,0.5683300495147705,0.4705887918434563,0.5194594206791134,71,2,udacity_label,nac,150,epoch,0.131
15,0.638884961605072,0.6178508089659772,0.6283678852855246,104,2,udacity_label,nac,200,epoch,0.131
8,0.1912350207567215,0.08904228325221059,0.14013865200446604,24,6,udacity_label,lsa,50,epoch,0.131
12,0.3569713532924652,0.30814549612274,0.3325584247076026,48,3,udacity_label,lsa,100,epoch,0.131
13,0.40558528900146484,0.15756653533094953,0.2815759121662072,62,4,udacity_label,lsa,150,epoch,0.131
18,0.37887904047966003,0.21675358927452293,0.2978163148770915,84,4,udacity_label,lsa,200,epoch,0.131
7,0.2906918227672577,,,23,1,udacity_label,std,50,epoch,0.131
12,0.27243563532829285,0.2155351803427803,0.24398540783553657,44,4,udacity_label,std,100,epoch,0.131
20,0.38803085684776306,0.25973117053445716,0.3238810136911101,66,8,udacity_label,std,150,epoch,0.131
15,0.3845055401325226,0.3366626326282235,0.36058408638037304,94,3,udacity_label,std,200,epoch,0.131
2,0.10530394315719604,-0.1500174938518106,-0.022356775347307276,16,12,udacity_label,pace,50,epoch,0.131
9,0.2805105745792389,0.20924069725313288,0.24487563591618589,35,4,udacity_label,pace,100,epoch,0.131
14,0.2520451843738556,0.2394589774620772,0.2457520809179664,59,3,udacity_label,pace,150,epoch,0.131
18,0.3879964053630829,0.25666709188078307,0.322331748621933,82,9,udacity_label,pace,200,epoch,0.131
7,0.27412524819374084,0.3252515743539692,0.29968841127385504,18,2,udacity_label,dr,50,epoch,0.175
14,0.3117442727088928,0.2870122894144247,0.29937828106165876,36,5,udacity_label,dr,100,epoch,0.175
14,0.30291813611984253,0.2864818883215793,0.2947000122207109,50,7,udacity_label,dr,150,epoch,0.175
18,0.38100263476371765,0.22892885828738188,0.30496574652554975,63,9,udacity_label,dr,200,epoch,0.175
7,0.2870382070541382,,,22,1,udacity_label,ces,50,epoch,0.175
10,0.3670988082885742,0.34681997452669516,0.35695939140763466,32,2,udacity_label,ces,100,epoch,0.175
11,0.42918017506599426,,,52,1,udacity_label,ces,150,epoch,0.175
20,0.3061894476413727,0.1990743209835956,0.2526318843124841,69,12,udacity_label,ces,200,epoch,0.175
3,0.18133102357387543,0.0508967228068167,0.11611387319034606,12,0,udacity_label,est,50,epoch,0.175
7,0.2700098156929016,0.19577856424230083,0.23289418996760122,33,3,udacity_label,est,100,epoch,0.175
11,0.33206817507743835,0.2266065477891312,0.2793373614332848,42,8,udacity_label,est,150,epoch,0.175
20,0.4083755314350128,0.307000673436246,0.35768810243562943,81,10,udacity_label,est,200,epoch,0.175
6,0.23018798232078552,0.027826488292112588,0.12900723530644906,17,4,udacity_label,rnd,50,epoch,0.175
14,0.38168779015541077,0.3060009495038478,0.3438443698296293,41,5,udacity_label,rnd,100,epoch,0.175
12,0.3045870065689087,0.27376662179758215,0.2891768141832454,52,8,udacity_label,rnd,150,epoch,0.175
17,0.39167657494544983,,,63,1,udacity_label,rnd,200,epoch,0.175
4,0.23363225162029266,0.320678707606903,0.2771554796135978,15,2,udacity_label,ent,50,epoch,0.175
8,0.3028099834918976,0.3426361767563814,0.3227230801241395,37,3,udacity_label,ent,100,epoch,0.175
8,0.34824785590171814,0.2373301454575334,0.29278900067962577,39,4,udacity_label,ent,150,epoch,0.175
8,0.482748806476593,0.5545348317925254,0.5186418191345592,49,7,udacity_label,ent,200,epoch,0.175
3,0.7623512148857117,,,28,1,udacity_label,gini,50,epoch,0.175
8,0.4193372130393982,0.37200591259467863,0.3956715628170384,58,7,udacity_label,gini,100,epoch,0.175
17,0.16570213437080383,0.11301754111970061,0.13935983774525224,83,17,udacity_label,gini,150,epoch,0.175
17,0.4864031970500946,0.35046283537760636,0.4184330162138505,106,7,udacity_label,gini,200,epoch,0.175
5,0.23302415013313293,0.10909176245495869,0.1710579562940458,20,4,udacity_label,gd,50,epoch,0.175
11,0.32803404331207275,0.23157842927734282,0.2798062362947078,35,5,udacity_label,gd,100,epoch,0.175
10,0.3590765595436096,0.42314377576580287,0.39111016765470624,52,6,udacity_label,gd,150,epoch,0.175
15,0.47629299759864807,0.39250228047574753,0.4343976390371978,53,3,udacity_label,gd,200,epoch,0.175
6,0.2610638737678528,0.24704016681922703,0.2540520202935399,19,3,udacity_label,kmnc,50,epoch,0.175
6,0.2960120737552643,0.1438257330943601,0.21991890342481218,28,5,udacity_label,kmnc,100,epoch,0.175
12,0.30392012000083923,0.1725594518348247,0.23823978591783196,46,8,udacity_label,kmnc,150,epoch,0.175
10,0.3493358790874481,,,61,1,udacity_label,kmnc,200,epoch,0.175
4,0.48165202140808105,0.37381975932316935,0.4277358903656252,21,5,udacity_label,nac,50,epoch,0.175
7,0.508302628993988,0.33887872519303763,0.42359067709351284,33,0,udacity_label,nac,100,epoch,0.175
12,0.33832839131355286,0.20963261394797425,0.27398050263076357,58,9,udacity_label,nac,150,epoch,0.175
12,0.6106618642807007,0.6096767966912263,0.6101693304859634,81,3,udacity_label,nac,200,epoch,0.175
6,0.24602583050727844,0.3044837842487354,0.2752548073780069,18,2,udacity_label,lsa,50,epoch,0.175
11,0.3242906630039215,0.2833202550604126,0.30380545903216705,35,6,udacity_label,lsa,100,epoch,0.175
12,0.37653177976608276,0.260853357583658,0.3186925686748704,46,8,udacity_label,lsa,150,epoch,0.175
13,0.3763236999511719,0.3551003990914448,0.3657120495213083,62,6,udacity_label,lsa,200,epoch,0.175
4,0.1836899071931839,0.20565550746539027,0.1946727073292871,18,2,udacity_label,std,50,epoch,0.175
11,0.3256998360157013,0.3503953134717027,0.338047574743702,30,3,udacity_label,std,100,epoch,0.175
12,0.39199942350387573,,,46,1,udacity_label,std,150,epoch,0.175
15,0.31570541858673096,0.17766189985526504,0.246683659220998,66,13,udacity_label,std,200,epoch,0.175
3,0.18457697331905365,0.09217842913353075,0.1383777012262922,9,3,udacity_label,pace,50,epoch,0.175
4,0.10448111593723297,0.008527016208623917,0.05650406607292845,19,11,udacity_label,pace,100,epoch,0.175
10,0.3032306134700775,0.18329163840661383,0.24326112593834567,39,0,udacity_label,pace,150,epoch,0.175
16,0.37341058254241943,0.24962634096280628,0.3115184617526129,55,9,udacity_label,pace,200,epoch,0.175
3,0.2427489012479782,0.02989411546049941,0.1363215083542388,12,5,udacity_label,dr,50,epoch,0.218
9,0.30435654520988464,0.18235406628049194,0.2433553057451883,26,3,udacity_label,dr,100,epoch,0.218
8,0.3093821406364441,0.15860531889006987,0.233993729763257,38,5,udacity_label,dr,150,epoch,0.218
13,0.32160165905952454,0.15235209069462152,0.23697687487707303,48,6,udacity_label,dr,200,epoch,0.218
4,0.28956088423728943,0.08980472915792984,0.18968280669760962,17,0,udacity_label,ces,50,epoch,0.218
6,0.27511143684387207,0.2318068869855907,0.2534591619147314,21,2,udacity_label,ces,100,epoch,0.218
11,0.3358078598976135,0.45376005876517805,0.39478395933139576,38,5,udacity_label,ces,150,epoch,0.218
13,0.25370723009109497,0.15405891725338255,0.20388307367223876,46,7,udacity_label,ces,200,epoch,0.218
2,0.15241718292236328,0.11034847975108181,0.13138283133672254,7,3,udacity_label,est,50,epoch,0.218
6,0.26376789808273315,0.13287067821044643,0.19831928814658978,21,4,udacity_label,est,100,epoch,0.218
7,0.3087373375892639,0.15179369601421971,0.23026551680174182,30,9,udacity_label,est,150,epoch,0.218
16,0.31960219144821167,0.17039965510223068,0.24500092327522116,55,6,udacity_label,est,200,epoch,0.218
5,0.12700530886650085,,,15,1,udacity_label,rnd,50,epoch,0.218
11,0.3997730016708374,0.33124835056203483,0.3655106761164361,31,4,udacity_label,rnd,100,epoch,0.218
10,0.39192822575569153,0.2578333662386202,0.32488079599715586,41,0,udacity_label,rnd,150,epoch,0.218
15,0.4073624610900879,0.31951861239230317,0.36344053674119553,48,5,udacity_label,rnd,200,epoch,0.218
0,-1.0,-1.0,-1.0,6,6,udacity_label,ent,50,epoch,0.218
3,0.17647996544837952,0.0902225616370491,0.13335126354271432,13,0,udacity_label,ent,100,epoch,0.218
3,0.4782762825489044,,,15,1,udacity_label,ent,150,epoch,0.218
4,0.5675172209739685,0.5151544032017512,0.5413358120878599,20,0,udacity_label,ent,200,epoch,0.218
4,0.46948522329330444,0.5932938510065306,0.5313895371499175,26,3,udacity_label,gini,50,epoch,0.218
8,0.509791910648346,0.5172872398639341,0.51353957525614,47,4,udacity_label,gini,100,epoch,0.218
13,0.38502752780914307,0.42140483437650345,0.40321618109282326,69,6,udacity_label,gini,150,epoch,0.218
15,0.5039759874343872,0.36875497933491674,0.436365483384652,91,3,udacity_label,gini,200,epoch,0.218
5,0.2064562737941742,0.07883175563663528,0.14264401471540472,14,3,udacity_label,gd,50,epoch,0.218
8,0.29004713892936707,,,24,1,udacity_label,gd,100,epoch,0.218
12,0.32776689529418945,0.19987915113380586,0.26382302321399764,41,3,udacity_label,gd,150,epoch,0.218
13,0.4211195707321167,0.3912996002334216,0.40620958548276914,43,3,udacity_label,gd,200,epoch,0.218
4,0.20635592937469482,0.0905997297053444,0.14847782954001962,14,2,udacity_label,kmnc,50,epoch,0.218
5,0.331797331571579,0.13114671115403362,0.2314720213628063,22,5,udacity_label,kmnc,100,epoch,0.218
10,0.22069916129112244,0.23520009980814216,0.2279496305496323,32,7,udacity_label,kmnc,150,epoch,0.218
8,0.3265327215194702,0.3157691950024515,0.32115095826096085,40,2,udacity_label,kmnc,200,epoch,0.218
4,0.31175675988197327,0.11658870283300073,0.214172731357487,21,6,udacity_label,nac,50,epoch,0.218
7,0.49406698346138,,,33,1,udacity_label,nac,100,epoch,0.218
11,0.28874513506889343,0.27489583276880647,0.28182048391884995,50,8,udacity_label,nac,150,epoch,0.218
10,0.5609519481658936,,,66,1,udacity_label,nac,200,epoch,0.218
4,0.20513303577899933,0.2578656490552228,0.23149934241711106,13,2,udacity_label,lsa,50,epoch,0.218
8,0.30588433146476746,0.2117751770970821,0.2588297542809248,23,4,udacity_label,lsa,100,epoch,0.218
9,0.3549308776855469,0.15433001810300012,0.25463044789427347,31,3,udacity_label,lsa,150,epoch,0.218
12,0.3798713982105255,0.1900540478408217,0.2849627230256736,45,4,udacity_label,lsa,200,epoch,0.218
6,0.18335740268230438,0.059502911362687545,0.12143015702249596,14,0,udacity_label,std,50,epoch,0.218
7,0.2511911690235138,0.15033087655566704,0.2007610227895904,24,0,udacity_label,std,100,epoch,0.218
7,0.29133129119873047,,,29,1,udacity_label,std,150,epoch,0.218
13,0.334675669670105,0.2292327212232309,0.28195419544666794,53,2,udacity_label,std,200,epoch,0.218
3,0.13761013746261597,0.36913047578256486,0.2533703066225904,8,2,udacity_label,pace,50,epoch,0.218
3,0.10054152458906174,,,15,1,udacity_label,pace,100,epoch,0.218
8,0.35852736234664917,,,26,1,udacity_label,pace,150,epoch,0.218
11,0.4513934254646301,0.27123453510160267,0.3613139802831164,40,3,udacity_label,pace,200,epoch,0.218
1,0.2341567724943161,0.04951312889391201,0.14183495069411406,4,2,udacity_label,dr,50,epoch,0.262
4,0.21130524575710297,0.3524844541598704,0.2818948499584867,12,3,udacity_label,dr,100,epoch,0.262
6,0.28420183062553406,0.1830780167048163,0.23363992366517516,21,3,udacity_label,dr,150,epoch,0.262
7,0.260275661945343,0.1086460923669481,0.18446087715614556,28,7,udacity_label,dr,200,epoch,0.262
6,0.2505429983139038,,,14,1,udacity_label,ces,50,epoch,0.262
6,0.32067763805389404,0.1657671842029853,0.24322241112843968,17,2,udacity_label,ces,100,epoch,0.262
10,0.2763667404651642,0.2286069435948884,0.2524868420300263,30,5,udacity_label,ces,150,epoch,0.262
10,0.27887293696403503,0.21862609052416948,0.24874951374410226,35,6,udacity_label,ces,200,epoch,0.262
0,-1.0,-1.0,-1.0,3,3,udacity_label,est,50,epoch,0.262
5,0.29701483249664307,0.13856139328357636,0.21778811289010971,16,4,udacity_label,est,100,epoch,0.262
7,0.3296893537044525,0.18246100434877244,0.2560751790266125,21,0,udacity_label,est,150,epoch,0.262
11,0.4221727252006531,0.3368483322471629,0.379510528723908,43,3,udacity_label,est,200,epoch,0.262
3,0.15525059401988983,0.03715341209034158,0.0962020030551157,12,4,udacity_label,rnd,50,epoch,0.262
7,0.38529446721076965,0.24953477129764925,0.31741461925420944,25,4,udacity_label,rnd,100,epoch,0.262
8,0.3614370822906494,0.24882996172877495,0.30513352200971217,29,5,udacity_label,rnd,150,epoch,0.262
8,0.36096540093421936,0.2414709978741269,0.30121819940417316,34,4,udacity_label,rnd,200,epoch,0.262
1,0.08320742845535278,,,4,1,udacity_label,ent,50,epoch,0.262
4,0.17320261895656586,0.045456472437692276,0.10932954569712906,11,0,udacity_label,ent,100,epoch,0.262
3,0.28595611453056335,0.20972703918439625,0.24784157685747982,13,0,udacity_label,ent,150,epoch,0.262
4,0.5318736433982849,0.5086274542743507,0.5202505488363178,18,4,udacity_label,ent,200,epoch,0.262
4,0.5354948043823242,0.4968547595201666,0.5161747819512454,26,2,udacity_label,gini,50,epoch,0.262
4,0.7454520463943481,,,38,1,udacity_label,gini,100,epoch,0.262
11,0.24086309969425201,0.2961030844361957,0.26848309206522386,52,5,udacity_label,gini,150,epoch,0.262
11,0.5434688329696655,0.4247474017298977,0.48410811734978165,69,3,udacity_label,gini,200,epoch,0.262
4,0.17152434587478638,,,9,1,udacity_label,gd,50,epoch,0.262
7,0.31613391637802124,,,20,1,udacity_label,gd,100,epoch,0.262
5,0.2545802593231201,0.10466938295882317,0.17962482114097164,25,2,udacity_label,gd,150,epoch,0.262
7,0.3456665575504303,,,29,1,udacity_label,gd,200,epoch,0.262
3,0.20818865299224854,0.08623308788499001,0.14721087043861927,8,0,udacity_label,kmnc,50,epoch,0.262
5,0.1651597023010254,0.21220982231300317,0.18868476230701428,17,2,udacity_label,kmnc,100,epoch,0.262
5,0.2800072133541107,,,25,1,udacity_label,kmnc,150,epoch,0.262
7,0.3896009922027588,0.33017791655462325,0.359889454378691,31,2,udacity_label,kmnc,200,epoch,0.262
4,0.46854203939437866,0.3751917569407657,0.42186689816757217,21,4,udacity_label,nac,50,epoch,0.262
6,0.45770302414894104,0.32535734399053373,0.3915301840697374,33,3,udacity_label,nac,100,epoch,0.262
10,0.16869407892227173,0.2406342932226669,0.20466418607246933,50,11,udacity_label,nac,150,epoch,0.262
11,0.5783230662345886,0.5577674221007272,0.5680452441676579,65,7,udacity_label,nac,200,epoch,0.262
2,0.17834371328353882,0.012481739965462417,0.09541272662450062,9,5,udacity_label,lsa,50,epoch,0.262
5,0.2737400531768799,0.15722135222500408,0.215480702700942,17,3,udacity_label,lsa,100,epoch,0.262
6,0.35603997111320496,0.15635380197147464,0.2561968865423398,23,2,udacity_label,lsa,150,epoch,0.262
10,0.36260268092155457,0.18193441802060392,0.27226854947107926,32,0,udacity_label,lsa,200,epoch,0.262
4,0.20640762150287628,0.07525789325744935,0.14083275738016282,12,2,udacity_label,std,50,epoch,0.262
3,0.10656524449586868,0.05444786229752393,0.08050655339669631,12,6,udacity_label,std,100,epoch,0.262
6,0.2894276976585388,0.11611060433504142,0.2027691509967901,21,4,udacity_label,std,150,epoch,0.262
9,0.3687554895877838,0.18549188540210454,0.2771236874949442,35,2,udacity_label,std,200,epoch,0.262
1,0.4689926505088806,0.09743761677454131,0.28321513364171097,4,2,udacity_label,pace,50,epoch,0.262
3,0.09273255616426468,0.12629974612852526,0.10951615114639497,11,5,udacity_label,pace,100,epoch,0.262
6,0.33852073550224304,0.2028506149233203,0.27068567521278164,19,4,udacity_label,pace,150,epoch,0.262
8,0.3219257891178131,0.2696265630704684,0.29577617609414075,30,6,udacity_label,pace,200,epoch,0.262
-1,-1.0,-1.0,-1.0,2,-1,udacity_label,dr,50,epoch,0.305
2,0.1939074695110321,0.05908230193559335,0.12649488572331272,8,4,udacity_label,dr,100,epoch,0.305
3,0.09476804733276367,0.20026710500580297,0.14751757616928332,16,2,udacity_label,dr,150,epoch,0.305
5,0.26914066076278687,0.15858394582826424,0.21386230329552555,22,6,udacity_label,dr,200,epoch,0.305
2,0.2231270968914032,0.20054442749121104,0.21183576219130712,10,6,udacity_label,ces,50,epoch,0.305
4,0.2632748782634735,0.16454216223149187,0.2139085202474827,14,4,udacity_label,ces,100,epoch,0.305
9,0.23098444938659668,0.1535516605361053,0.192268054961351,26,5,udacity_label,ces,150,epoch,0.305
5,0.25985291600227356,,,27,1,udacity_label,ces,200,epoch,0.305
-1,-1.0,-1.0,-1.0,2,-1,udacity_label,est,50,epoch,0.305
4,0.1903393417596817,,,12,1,udacity_label,est,100,epoch,0.305
5,0.22307036817073822,0.3234776707458345,0.27327401945828633,17,3,udacity_label,est,150,epoch,0.305
6,0.3974493741989136,0.26012863608741615,0.3287890051431649,32,0,udacity_label,est,200,epoch,0.305
3,0.18796470761299133,0.04699359873504794,0.11747915317401963,9,2,udacity_label,rnd,50,epoch,0.305
8,0.3590063154697418,0.322249405901696,0.34062786068571893,22,2,udacity_label,rnd,100,epoch,0.305
6,0.3713631331920624,0.3999189153034294,0.3856410242477459,22,2,udacity_label,rnd,150,epoch,0.305
8,0.2734260857105255,0.24390516790311348,0.2586656268068195,25,5,udacity_label,rnd,200,epoch,0.305
1,0.05324900522828102,0.026319591150940534,0.03978429818961078,4,2,udacity_label,ent,50,epoch,0.305
1,-0.0626988336443901,,,11,1,udacity_label,ent,100,epoch,0.305
5,0.3205740749835968,0.2637755461001946,0.2921748105418957,13,0,udacity_label,ent,150,epoch,0.305
2,0.23426437377929688,0.26911676434862664,0.25169056906396176,13,2,udacity_label,ent,200,epoch,0.305
4,0.49731555581092834,,,26,1,udacity_label,gini,50,epoch,0.305
8,0.253811776638031,0.25052898866497625,0.2521703826515036,38,7,udacity_label,gini,100,epoch,0.305
7,0.6612913608551025,0.7165714350370507,0.6889313979460766,52,2,udacity_label,gini,150,epoch,0.305
11,0.33771389722824097,0.3306845430455871,0.33419922013691405,67,10,udacity_label,gini,200,epoch,0.305
2,0.21799516677856445,,,7,1,udacity_label,gd,50,epoch,0.305
7,0.3226572275161743,,,16,1,udacity_label,gd,100,epoch,0.305
4,0.19350452721118927,0.0989692984969058,0.14623691285404755,15,6,udacity_label,gd,150,epoch,0.305
6,0.15676981210708618,0.04731768153802853,0.10204374682255736,22,7,udacity_label,gd,200,epoch,0.305
0,-1.0,-1.0,-1.0,6,6,udacity_label,kmnc,50,epoch,0.305
3,0.16631950438022614,0.0707286910771254,0.11852409772867577,13,3,udacity_label,kmnc,100,epoch,0.305
5,0.2861662805080414,0.3070333820000142,0.2965998312540278,23,2,udacity_label,kmnc,150,epoch,0.305
6,0.4085944890975952,0.34189613401006824,0.37524531155383173,26,2,udacity_label,kmnc,200,epoch,0.305
6,0.010101540014147758,0.10272422443018059,0.056412882222164173,21,7,udacity_label,nac,50,epoch,0.305
6,0.5435839891433716,,,33,1,udacity_label,nac,100,epoch,0.305
9,0.45021212100982666,0.2880906267079009,0.36915137385886376,50,3,udacity_label,nac,150,epoch,0.305
11,0.5578855276107788,0.5177145707623311,0.5378000491865549,65,2,udacity_label,nac,200,epoch,0.305
2,0.087474524974823,,,6,1,udacity_label,lsa,50,epoch,0.305
4,0.13641348481178284,,,12,1,udacity_label,lsa,100,epoch,0.305
5,0.18893879652023315,0.2989073799905,0.24392308825536657,18,3,udacity_label,lsa,150,epoch,0.305
6,0.26392456889152527,0.14193993665239013,0.2029322527719577,26,2,udacity_label,lsa,200,epoch,0.305
2,0.1894904524087906,0.023850405150684352,0.10667042877973747,10,5,udacity_label,std,50,epoch,0.305
3,0.21035902202129364,,,9,1,udacity_label,std,100,epoch,0.305
4,0.19065812230110168,0.041774147292297205,0.11621613479669944,14,6,udacity_label,std,150,epoch,0.305
7,0.24060297012329102,,,26,1,udacity_label,std,200,epoch,0.305
-1,-1.0,-1.0,-1.0,2,-1,udacity_label,pace,50,epoch,0.305
2,0.13229265809059143,-0.04234791475317448,0.044972371668708475,8,4,udacity_label,pace,100,epoch,0.305
4,0.2641338109970093,0.15699217738109783,0.21056299418905355,15,2,udacity_label,pace,150,epoch,0.305
6,0.38927286863327026,0.2049836172457469,0.29712824293950857,22,3,udacity_label,pace,200,epoch,0.305
