Number of Clusters,Silhouette Score,Combined Score,Number of Mispredicted Inputs,Number of Noisy Inputs,Config,test_set,selection_metric,budget,model,threshold,DBCV Score
-1,-1.0,-1.0,1,-1,-1.0,udacity_C,dr,50,epoch,0.349,
-1,-1.0,-1.0,2,-1,-1.0,udacity_C,dr,100,epoch,0.349,
-1,-1.0,-1.0,2,-1,-1.0,udacity_C,dr,150,epoch,0.349,
0,-1.0,-1.0,3,3,,udacity_C,dr,200,epoch,0.349,-1.0
3,0.13676884770393372,,8,1,,udacity_C,ces,50,epoch,0.349,
7,0.24030661582946777,0.18336304428554923,18,3,,udacity_C,ces,100,epoch,0.349,0.1264194727416307
6,0.18073999881744385,0.1491692103245747,23,8,,udacity_C,ces,150,epoch,0.349,0.11759842183170553
10,0.23475868999958038,,31,1,,udacity_C,ces,200,epoch,0.349,
1,0.06652690470218658,0.016103848148632798,6,4,,udacity_C,est,50,epoch,0.349,-0.03431920840492099
2,0.07979998737573624,,6,1,,udacity_C,est,100,epoch,0.349,
4,0.2106047421693802,0.29163435116465664,15,4,,udacity_C,est,150,epoch,0.349,0.372663960159933
2,0.07816601544618607,0.2824740296699712,7,3,,udacity_C,est,200,epoch,0.349,0.48678204389375634
-1,-1.0,-1.0,2,-1,-1.0,udacity_C,rnd,50,epoch,0.349,
0,-1.0,-1.0,3,3,,udacity_C,rnd,100,epoch,0.349,-1.0
2,0.07683070003986359,0.06487387113728818,8,4,,udacity_C,rnd,150,epoch,0.349,0.052917042234712774
2,0.13806645572185516,0.0684660054430886,13,2,,udacity_C,rnd,200,epoch,0.349,-0.0011344448356779557
3,0.22054195404052734,0.13637628312799116,7,0,,udacity_C,ent,50,epoch,0.349,0.052210612215454956
3,0.1802700161933899,0.12509130441097868,12,6,,udacity_C,ent,100,epoch,0.349,0.06991259262856746
7,0.2564234137535095,0.3275269385573942,23,4,,udacity_C,ent,150,epoch,0.349,0.39863046336127883
8,0.31538641452789307,0.2695620814237613,33,5,,udacity_C,ent,200,epoch,0.349,0.22373774831962956
1,0.19611799716949463,0.10262261099306305,4,2,,udacity_C,gini,50,epoch,0.349,0.009127224816631477
2,0.0664960965514183,0.2927196445207215,7,3,,udacity_C,gini,100,epoch,0.349,0.5189431924900247
2,0.19159701466560364,0.11974769364877816,8,3,,udacity_C,gini,150,epoch,0.349,0.04789837263195269
1,0.05659664049744606,-0.004927812063444108,8,4,,udacity_C,gini,200,epoch,0.349,-0.06645226462433428
-1,-1.0,-1.0,2,-1,-1.0,udacity_C,gd,50,epoch,0.349,
1,0.6928791999816895,,6,1,,udacity_C,gd,100,epoch,0.349,
2,0.10909456014633179,0.053888840356827485,8,4,,udacity_C,gd,150,epoch,0.349,-0.001316879432676818
3,0.2145048826932907,0.15908385403671615,15,6,,udacity_C,gd,200,epoch,0.349,0.10366282538014157
0,-1.0,-1.0,5,5,,udacity_C,kmnc,50,epoch,0.349,-1.0
5,0.16939258575439453,0.14333085055824957,15,4,,udacity_C,kmnc,100,epoch,0.349,0.11726911536210458
8,0.25218525528907776,0.28834671771240666,21,3,,udacity_C,kmnc,150,epoch,0.349,0.32450818013573557
5,0.1652745008468628,0.18944270609210379,28,2,,udacity_C,kmnc,200,epoch,0.349,0.21361091133734478
6,0.25964516401290894,0.19930359161024383,16,0,,udacity_C,nac,50,epoch,0.349,0.13896201920757872
7,0.2880131006240845,0.2137086978200682,38,0,,udacity_C,nac,100,epoch,0.349,0.13940429501605195
13,0.2603875398635864,0.2124048478588621,51,13,,udacity_C,nac,150,epoch,0.349,0.1644221558541378
15,0.2750546336174011,0.22500786025417113,62,7,,udacity_C,nac,200,epoch,0.349,0.17496108689094111
3,0.11823157221078873,0.08257008961240622,10,4,,udacity_C,lsa,50,epoch,0.349,0.04690860701402371
1,0.37949222326278687,0.3366156434664419,10,7,,udacity_C,lsa,100,epoch,0.349,0.2937390636700969
8,0.46091723442077637,,29,1,,udacity_C,lsa,150,epoch,0.349,
9,0.30355304479599,0.2726620108227758,35,4,,udacity_C,lsa,200,epoch,0.349,0.24177097684956161
0,-1.0,-1.0,3,3,,udacity_C,std,50,epoch,0.349,-1.0
2,0.1059919074177742,0.0859036854750013,6,2,,udacity_C,std,100,epoch,0.349,0.06581546353222839
1,0.018229717388749123,-0.014503395788046256,12,2,,udacity_C,std,150,epoch,0.349,-0.047236508964841634
3,0.18025684356689453,0.19823436090021135,12,2,,udacity_C,std,200,epoch,0.349,0.2162118782335282
0,-1.0,-1.0,3,3,,udacity_C,pace,50,epoch,0.349,-1.0
3,0.19661730527877808,0.21919176389410236,11,2,,udacity_C,pace,100,epoch,0.349,0.24176622250942664
2,0.0832328125834465,0.2800674381787784,10,4,,udacity_C,pace,150,epoch,0.349,0.47690206377411026
5,0.23799923062324524,0.18976722149085315,18,5,,udacity_C,pace,200,epoch,0.349,0.14153521235846106
-1,-1.0,-1.0,1,-1,-1.0,udacity_C,dr,50,epoch,0.393,
-1,-1.0,-1.0,2,-1,-1.0,udacity_C,dr,100,epoch,0.393,
-1,-1.0,-1.0,2,-1,-1.0,udacity_C,dr,150,epoch,0.393,
0,-1.0,-1.0,3,3,,udacity_C,dr,200,epoch,0.393,-1.0
2,0.025516221299767494,0.2577840058139228,6,2,,udacity_C,ces,50,epoch,0.393,0.49005179032807816
2,0.1445135623216629,0.10772704915332025,14,10,,udacity_C,ces,100,epoch,0.393,0.0709405359849776
6,0.197618767619133,,18,1,,udacity_C,ces,150,epoch,0.393,
6,0.19086816906929016,0.1436568452601451,25,0,,udacity_C,ces,200,epoch,0.393,0.09644552145100002
1,0.6461721062660217,,5,1,,udacity_C,est,50,epoch,0.393,
2,0.11066929996013641,0.04140150894632482,5,0,,udacity_C,est,100,epoch,0.393,-0.027866282067486772
3,0.1965896040201187,0.2682949405823648,12,3,,udacity_C,est,150,epoch,0.393,0.34000027714461084
1,0.6990269422531128,,5,1,,udacity_C,est,200,epoch,0.393,
-1,-1.0,-1.0,2,-1,-1.0,udacity_C,rnd,50,epoch,0.393,
-1,-1.0,-1.0,1,-1,-1.0,udacity_C,rnd,100,epoch,0.393,
2,0.12196638435125351,0.05237337949782601,6,0,,udacity_C,rnd,150,epoch,0.393,-0.017219625355601495
3,0.1356133669614792,,9,1,,udacity_C,rnd,200,epoch,0.393,
-1,-1.0,-1.0,2,-1,-1.0,udacity_C,ent,50,epoch,0.393,
2,0.23306207358837128,0.17278255622321403,7,3,,udacity_C,ent,100,epoch,0.393,0.11250303885805679
4,0.1487160325050354,,17,1,,udacity_C,ent,150,epoch,0.393,
7,0.2865413725376129,0.26521794247334696,27,3,,udacity_C,ent,200,epoch,0.393,0.24389451240908094
0,-1.0,-1.0,3,3,,udacity_C,gini,50,epoch,0.393,-1.0
2,0.059791743755340576,,6,1,,udacity_C,gini,100,epoch,0.393,
0,-1.0,-1.0,7,7,,udacity_C,gini,150,epoch,0.393,-1.0
2,0.1478649377822876,0.22170768499798896,7,2,,udacity_C,gini,200,epoch,0.393,0.2955504322136903
-1,-1.0,-1.0,1,-1,-1.0,udacity_C,gd,50,epoch,0.393,
1,0.6195896863937378,,5,1,,udacity_C,gd,100,epoch,0.393,
0,-1.0,-1.0,6,6,,udacity_C,gd,150,epoch,0.393,-1.0
4,0.2302931845188141,0.24798350775654832,11,2,,udacity_C,gd,200,epoch,0.393,0.26567383099428254
1,0.6789417266845703,,4,1,,udacity_C,kmnc,50,epoch,0.393,
2,0.19487200677394867,0.13022354933635502,11,0,,udacity_C,kmnc,100,epoch,0.393,0.06557509189876136
6,0.20138536393642426,,17,1,,udacity_C,kmnc,150,epoch,0.393,
6,0.2725663483142853,0.21332320082257641,25,0,,udacity_C,kmnc,200,epoch,0.393,0.15408005333086755
4,0.16532059013843536,0.22854620547614735,12,2,,udacity_C,nac,50,epoch,0.393,0.29177182081385933
8,0.29605230689048767,0.29219414426879553,29,3,,udacity_C,nac,100,epoch,0.393,0.28833598164710333
10,0.2937203049659729,0.2817137209524113,39,4,,udacity_C,nac,150,epoch,0.393,0.2697071369388498
9,0.23740041255950928,0.1566567875915296,49,7,,udacity_C,nac,200,epoch,0.393,0.07591316262354991
2,0.4035325348377228,0.3162569648157607,8,0,,udacity_C,lsa,50,epoch,0.393,0.22898139479379861
3,0.21892321109771729,,8,1,,udacity_C,lsa,100,epoch,0.393,
6,0.38249170780181885,0.3371625802519266,25,5,,udacity_C,lsa,150,epoch,0.393,0.2918334527020343
9,0.36912432312965393,,31,1,,udacity_C,lsa,200,epoch,0.393,
-1,-1.0,-1.0,2,-1,-1.0,udacity_C,std,50,epoch,0.393,
2,0.06943096965551376,,6,1,,udacity_C,std,100,epoch,0.393,
2,0.10274972766637802,0.05362997600228107,11,7,,udacity_C,std,150,epoch,0.393,0.004510224338184113
3,0.13143712282180786,,9,1,,udacity_C,std,200,epoch,0.393,
-1,-1.0,-1.0,1,-1,-1.0,udacity_C,pace,50,epoch,0.393,
2,0.22851678729057312,0.10218044427671844,8,0,,udacity_C,pace,100,epoch,0.393,-0.024155898737136257
2,0.16263563930988312,0.0957341561606081,6,0,,udacity_C,pace,150,epoch,0.393,0.028832673011333076
4,0.234260693192482,0.20497113881719098,13,3,,udacity_C,pace,200,epoch,0.393,0.17568158444189996
-1,-1.0,-1.0,1,-1,-1.0,udacity_C,dr,50,epoch,0.436,
-1,-1.0,-1.0,2,-1,-1.0,udacity_C,dr,100,epoch,0.436,
-1,-1.0,-1.0,2,-1,-1.0,udacity_C,dr,150,epoch,0.436,
0,-1.0,-1.0,3,3,,udacity_C,dr,200,epoch,0.436,-1.0
2,0.2920142710208893,0.13968683515144142,5,0,,udacity_C,ces,50,epoch,0.436,-0.012640600718006413
4,0.15259084105491638,0.23263268646895463,12,2,,udacity_C,ces,100,epoch,0.436,0.3126745318829929
3,0.21827054023742676,0.14066737467223883,12,5,,udacity_C,ces,150,epoch,0.436,0.06306420910705088
5,0.09065595269203186,-0.007389938867432527,16,6,,udacity_C,ces,200,epoch,0.436,-0.10543583042689691
-1,-1.0,-1.0,2,-1,-1.0,udacity_C,est,50,epoch,0.436,
1,0.17471762001514435,0.134531182973624,4,2,,udacity_C,est,100,epoch,0.436,0.09434474593210362
2,0.14568600058555603,0.2282674673284113,8,2,,udacity_C,est,150,epoch,0.436,0.31084893407126657
0,-1.0,-1.0,3,3,,udacity_C,est,200,epoch,0.436,-1.0
-1,-1.0,-1.0,0,-1,-1.0,udacity_C,rnd,50,epoch,0.436,
-1,-1.0,-1.0,1,-1,-1.0,udacity_C,rnd,100,epoch,0.436,
0,-1.0,-1.0,3,3,,udacity_C,rnd,150,epoch,0.436,-1.0
2,0.08097344636917114,,7,1,,udacity_C,rnd,200,epoch,0.436,
-1,-1.0,-1.0,2,-1,-1.0,udacity_C,ent,50,epoch,0.436,
1,0.18437734246253967,0.11186514494042338,5,3,,udacity_C,ent,100,epoch,0.436,0.039352947418307097
4,0.1799435019493103,0.1288239449963414,15,3,,udacity_C,ent,150,epoch,0.436,0.07770438804337249
6,0.27810540795326233,0.19211232010163654,24,5,,udacity_C,ent,200,epoch,0.436,0.10611923225001073
-1,-1.0,-1.0,2,-1,-1.0,udacity_C,gini,50,epoch,0.436,
-1,-1.0,-1.0,2,-1,-1.0,udacity_C,gini,100,epoch,0.436,
-1,-1.0,-1.0,2,-1,-1.0,udacity_C,gini,150,epoch,0.436,
-1,-1.0,-1.0,2,-1,-1.0,udacity_C,gini,200,epoch,0.436,
-1,-1.0,-1.0,0,-1,-1.0,udacity_C,gd,50,epoch,0.436,
0,-1.0,-1.0,3,3,,udacity_C,gd,100,epoch,0.436,-1.0
0,-1.0,-1.0,6,6,,udacity_C,gd,150,epoch,0.436,-1.0
4,0.21619795262813568,0.2712526727995421,11,2,,udacity_C,gd,200,epoch,0.436,0.32630739297094863
-1,-1.0,-1.0,1,-1,-1.0,udacity_C,kmnc,50,epoch,0.436,
1,0.15897105634212494,0.0947912899088789,6,2,,udacity_C,kmnc,100,epoch,0.436,0.03061152347563286
1,-0.03654847294092178,,12,1,,udacity_C,kmnc,150,epoch,0.436,
5,0.19892370700836182,0.14115594334143988,20,9,,udacity_C,kmnc,200,epoch,0.436,0.08338817967451792
3,0.135074645280838,,7,1,,udacity_C,nac,50,epoch,0.436,
6,0.20041118562221527,0.18305023746860877,21,6,,udacity_C,nac,100,epoch,0.436,0.1656892893150023
6,0.28402405977249146,0.20847159527054487,28,0,,udacity_C,nac,150,epoch,0.436,0.13291913076859826
6,0.1411183625459671,,36,1,,udacity_C,nac,200,epoch,0.436,
0,-1.0,-1.0,3,3,,udacity_C,lsa,50,epoch,0.436,-1.0
0,-1.0,-1.0,3,3,,udacity_C,lsa,100,epoch,0.436,-1.0
5,0.35764798521995544,0.2825620840241024,18,0,,udacity_C,lsa,150,epoch,0.436,0.2074761828282493
6,0.34513238072395325,,24,1,,udacity_C,lsa,200,epoch,0.436,
-1,-1.0,-1.0,1,-1,-1.0,udacity_C,std,50,epoch,0.436,
2,0.10229756683111191,,5,1,,udacity_C,std,100,epoch,0.436,
2,0.04736945033073425,,8,1,,udacity_C,std,150,epoch,0.436,
1,0.6251426935195923,,8,1,,udacity_C,std,200,epoch,0.436,
-1,-1.0,-1.0,1,-1,-1.0,udacity_C,pace,50,epoch,0.436,
0,-1.0,-1.0,5,5,,udacity_C,pace,100,epoch,0.436,-1.0
1,0.48017531633377075,0.262338839256844,4,2,,udacity_C,pace,150,epoch,0.436,0.04450236217991724
2,0.20765861868858337,0.14480867281584178,7,2,,udacity_C,pace,200,epoch,0.436,0.0819587269431002
